AGE,TAX,SCOPE
1616.30783346,62.4568805529,2631.23214245
2134.47822738,107.690814849,3884.45396866
615.570239163,82.2243672155,1951.71620642
781.222433689,89.3414091108,2233.02033174
1392.89962003,109.540691086,3172.93585018
883.203921291,72.4728903236,2060.88838905
520.582359856,93.4680783766,2039.43863348
391.49450278,66.4697764049,1471.62836936
1890.0901195,56.4866959537,2807.99892875
2204.96318844,52.4726160567,3057.64319937
9000.0,104.001159265,10690.0188381
982.605992005,38.847071787,1613.87090854
1402.95600221,58.1647801212,2348.13367918
516.615742345,48.1530456627,1299.10273436
1271.36159715,101.625301926,2922.77275344
476.160969587,70.7813911608,1626.35857595
739.765097317,78.2192244552,2010.82749471
2208.53052739,71.6754754019,3373.25700267
1464.43157417,102.987829243,3137.98379937
513.584775305,100.461771023,2146.08855443
989.762607575,68.9290930049,2109.8603689
1943.80494602,72.1615576316,3116.43025754
2036.16325915,70.9708604072,3189.43974076
914.314563932,73.6962777988,2111.87907816
580.404838838,88.2683047745,2014.76479142
9000.0,73.4857348737,10194.1431917
2245.98818546,85.3457077485,3632.85593638
1732.22985735,80.8750375319,3046.44921725
1899.34974685,94.4858777501,3434.74526029
609.576430064,121.015049297,2576.07098113
1670.06418744,66.305533851,2747.52911252
974.08651271,50.5629507497,1795.73446239
1378.20668995,92.0952587508,2874.75464465
1408.27991986,120.564408939,3367.45156512
1725.49645589,80.4334458682,3032.53995125
1404.0376718,66.6136904424,2486.51014149
1476.68377292,103.576948659,3159.80918863
516.86770285,73.2627940792,1707.38810664
1385.0327025,101.278436695,3030.80729879
946.327327497,114.049352692,2799.62930874
1866.2553755,65.5636312113,2931.66438268
1238.96578015,76.0456171159,2474.70705828
1205.07530635,47.9656016181,1984.51633264
487.706506516,93.6198310202,2009.02876059
1400.22582322,68.3238260598,2510.48799669
971.287110889,94.5409308253,2507.5772368
340.838582289,63.401199097,1371.10806762
389.301811341,85.666573506,1781.38363081
604.661426115,88.9411560794,2049.95521241
1830.81837555,77.8320228926,3095.58874756
1744.89757056,103.650090915,3429.21154792
685.692832589,61.2469928121,1680.95646579
1219.71417195,61.0824288544,2212.30364083
566.237230852,68.4068347704,1677.84829587
1017.44646712,51.1538876728,1848.69714181
1170.48725589,96.9075814488,2745.23545444
866.387380496,67.991409699,1971.2477881
628.202459277,79.0297700592,1912.43622274
2180.58956499,64.7810123562,3233.28101578
1619.52892165,41.4222767745,2292.64091924
709.481635426,68.1024297618,1816.14611905
1048.41621165,55.4882234671,1950.09984299
1789.71956068,85.5380149347,3179.71230337
872.553034048,89.6793104645,2329.8418291
1465.48366287,54.4082216037,2349.61726393
768.855081254,67.1177163495,1859.51797193
1477.47673963,96.9577055751,3053.03945523
1920.12382093,96.7877828775,3492.92529269
2384.94724529,64.2383000577,3428.81962122
1816.48498664,59.7697807272,2787.74392346
1701.6805247,110.183532111,3492.1629215
1531.15595792,73.2024288043,2720.69542599
1251.40098495,70.9565590529,2404.44506956
1140.20111094,77.3002497137,2396.33016879
910.314834505,78.5947559065,2187.47961799
2261.13095914,90.6911866868,3734.8627428
1146.60329804,48.0644255773,1927.65021367
570.399891135,71.9949014104,1740.31703905
1015.69678434,89.080057902,2463.24772524
635.553631615,90.7273997945,2109.87387828
438.910831726,107.64053604,2188.06954237
587.11128058,71.1561194146,1743.39822107
1245.14087306,60.7223341947,2231.87880372
629.269391579,56.1394817744,1541.53597041
781.226342912,52.8511267717,1640.05715295
778.945604754,70.6410062108,1926.86195568
1222.54446627,101.497284409,2871.87533793
890.516955175,93.0585231755,2402.71795678
2189.91779524,109.510335115,3969.46074086
1587.25083448,78.8390756921,2868.38581448
2213.01861172,75.0110017929,3431.94739085
973.612895889,52.8956013425,1833.1664177
840.119937497,78.4303154165,2114.61256301
975.974873866,84.423336187,2347.8540869
748.451139071,53.4679707992,1617.30566456
649.667169702,88.5971577106,2089.3709825
1867.92495274,58.3214167902,2815.64797558
2014.01943961,48.5386946048,2802.77322694
438.396179636,112.527262121,2266.96418911
1125.03052986,64.0555911675,2165.93388633
1439.34873792,82.8288705768,2785.3178848
1376.38229894,66.6553355072,2459.53150093
1392.60009457,68.9445989376,2512.94982731
2129.24660599,76.5181935762,3372.6672516
947.818750996,64.0600744973,1988.79496158
607.485978915,78.9673796787,1890.70589869
1335.65168408,101.449965031,2984.21361583
2016.02528011,88.3885685134,3452.33951846
987.375135077,109.412724619,2765.33191013
437.385868078,73.7517025424,1635.85103439
1356.22198704,74.6907724377,2569.94703915
860.103579985,79.850364049,2157.67199578
1499.78490435,48.151740697,2282.25069067
1526.98673514,67.7539837301,2627.98897076
334.658410409,81.0655449498,1651.97351584
788.059207126,45.7315501502,1531.19689707
1098.38664818,72.4401421067,2275.53895742
1352.9677794,126.439689986,3407.61274166
1693.97800149,88.7780168389,3136.62077512
835.407585019,72.9478639733,2020.81037458
323.388911452,93.5328353972,1843.29748666
1521.53497243,80.7867859632,2834.32024434
1033.7387906,76.4963997298,2276.80528621
867.095404933,72.5673260066,2046.31445254
1477.92575328,68.7341029465,2594.85492616
995.758685792,80.496855368,2303.83258552
930.259068731,56.1675234178,1842.98132427
1970.58610858,65.5638146254,3035.99809625
867.766299869,88.8315140813,2311.27840369
1039.52409859,83.3922968479,2394.64892237
741.317698376,70.1780549117,1881.71109069
985.754863025,70.6812978892,2134.32595372
727.352263927,47.7278379629,1502.92963082
596.369574314,120.585050871,2555.87665097
1229.23501905,111.553466444,3041.97884876
1497.48549591,51.299553091,2331.10323363
2143.61268729,89.6233722409,3599.9924862
863.429774768,80.4273937972,2170.37492397
854.051339836,91.965740051,2348.49461566
1708.52443172,51.4300086769,2544.26207272
1439.92843594,73.9966445677,2642.37391017
903.263143216,98.0924110482,2497.26482275
526.356422325,73.1724291124,1715.4083954
1035.4489005,93.1054925704,2548.41315477
829.854112759,71.4725048199,1991.28231608
9000.0,92.4884462291,10502.9372512
1611.16358322,93.312462729,3127.49110257
630.066559866,69.3216816546,1756.54388675
953.391741638,77.6806316393,2215.70200578
1379.63028128,91.0310087117,2858.88417285
603.226102937,59.6544525794,1572.61095735
1609.32368496,98.9491063745,3217.24666355
844.732901311,86.1727657763,2245.04034518
998.720518104,79.0502275697,2283.28671611
2124.51672873,82.0346744823,3457.58018907
1855.62327977,81.3446448853,3177.47375915
1235.66813622,80.2917641844,2540.40930422
1057.48258709,74.998344192,2276.20568021
973.898299854,90.4682588269,2444.00750579
715.814265856,77.144654478,1969.41490112
940.902344768,51.4230814207,1776.52741786
892.737979443,108.254154743,2651.86799402
2035.56053963,85.6405403298,3427.21931999
763.18828344,102.903385797,2435.36830264
2222.86023795,69.6854103078,3355.24815545
1784.00108065,76.2319883978,3022.77089211
381.488163764,93.2544946125,1896.87370122
1667.82684861,57.5603223489,2603.18208678
2063.47156665,77.8594469111,3328.68757895
1421.20501541,117.105269195,3324.16563982
1786.24662121,88.8820512179,3230.5799535
1086.52369701,114.086273099,2940.42563486
1629.17932396,82.9022919421,2976.34156802
1662.22846013,101.092880228,3304.98776382
1338.7536208,89.9477788491,2800.4050271
2002.83294903,71.5746354666,3165.92077536
777.006429279,41.1755982027,1446.10990007
819.142536372,95.2603069958,2367.12252505
1718.6076143,65.6099938843,2784.77001492
1046.23106326,51.4415729675,1882.15662399
1270.65041283,47.2060991148,2037.74952344
329.573167829,89.9361341153,1791.0353472
794.471396296,61.760958295,1798.08696859
1042.89678657,70.8404664569,2194.0543665
912.122413628,101.724469637,2565.14504523
1067.21760259,105.867872116,2787.57052447
1856.6361284,92.6756478024,3362.61540518
1174.63012832,98.7334834151,2779.04923381
619.999881628,62.000075939,1627.50111564
1534.99183864,85.1347064128,2918.43081785
882.53026738,66.3971536971,1961.48401496
676.161628538,86.1667424735,2076.37119373
1761.61646302,64.9289474762,2816.71185951
580.816981209,103.093517537,2256.08664119
2131.20088225,86.7924032765,3541.57743549
582.163106253,93.4209425213,2100.25342222
736.499068295,88.8929920632,2181.01018932
1230.81328943,96.7436297277,2802.89727251
1251.7653284,85.0156823793,2633.27016706
1589.58421656,127.580512454,3662.76754395
867.808333189,50.8063815419,1693.41203324
929.812723703,62.2581573054,1941.50777992
2333.0290183,83.3910505887,3688.13359037
1073.17071236,95.0487279786,2617.71254201
2598.72377761,68.6772698832,3714.72941322
1532.53909069,71.9955157581,2702.46622176
1165.2447915,97.121046503,2743.46179718
1255.80464648,43.228696539,1958.27096524
9000.0,70.6607072453,10148.2364927
1233.54764654,76.3691713098,2474.54668032
556.928439762,92.3678240081,2057.90557989
9000.0,71.7413785824,10165.797402
958.526581469,83.0328108886,2307.80975841
496.50067469,52.9062417505,1356.22710314
1172.30332763,53.4495804055,2040.85900922
817.826025197,109.147465108,2591.4723332
1733.49415171,72.5367180388,2912.21581984
1417.88301191,65.336764527,2479.60543547
527.923931755,39.0800719053,1162.97510022
1745.04629908,56.6460261501,2665.54422401
1504.75278563,100.952743972,3145.23487518
955.896994953,52.3469369016,1806.5347196
2659.04634962,79.9224771381,3957.78660312
336.562175039,55.6572924116,1240.99317673
1495.98640147,71.4289793363,2656.70731569
1657.69565853,68.2020556987,2765.97906364
2131.16111941,110.740921769,3930.70109816
1285.49464945,62.3313048033,2298.3783525
573.597157505,70.9199957757,1726.04708886
1617.25084516,82.5304320112,2958.37036534
1626.85235474,73.9125308625,2827.93098126
1069.83983919,107.908379595,2823.35100761
1829.33430531,69.690541483,2961.80560441
1833.80251649,100.563385161,3467.95752536
2096.6823849,55.9655587305,3006.12271427
437.605162668,85.2592947409,1823.06870221
1339.53002363,128.167279441,3422.24831454
411.57460983,111.480822845,2223.13798107
535.080182331,59.0581764622,1494.77554984
9000.0,93.1550127095,10513.7689565
1860.00109043,84.2756296736,3229.48007263
833.428333178,68.844251391,1952.14741828
1011.64897119,70.2098106996,2152.55839506
956.347182764,58.9174628665,1913.75595434
984.053901377,59.9125641341,1957.63306856
2013.21542302,65.751224406,3081.67281962
835.394546703,70.2604715531,1977.12720944
583.461414225,117.396733086,2491.15832687
849.041219028,117.046220196,2751.04229722
2562.68571187,60.422993539,3544.55935687
1714.99333692,90.9897545628,3193.57684856
791.018290557,71.7016343896,1956.16984939
1165.22854927,111.677182784,2979.98276951
9000.0,93.2296592188,10514.9819623
923.477795617,113.404159948,2766.29539476
1992.06610809,66.8419716652,3078.24814764
1334.91875189,70.8998678227,2487.04160401
2150.59402419,88.3276590044,3585.91848302
1817.54663169,59.0625726626,2777.31343745
910.732006371,103.05668802,2585.40318669
2392.71218386,98.80126278,3998.23270404
597.517629174,70.8331421026,1748.55618834
1624.99964473,83.183839015,2976.73702873
1720.45613007,66.0269570844,2793.39418269
1325.74848019,78.1148833851,2595.1153352
619.835851794,65.8430322727,1689.78512623
1065.12172608,94.7255221688,2604.41146133
942.534359088,99.7233357378,2563.03856483
906.46805053,83.2963454126,2260.03366348
798.490252553,83.8748547113,2161.45664161
752.572953968,61.8694148616,1757.95094547
1071.46451649,64.3242529439,2116.73362683
1021.9759569,75.5776880252,2250.11338731
1083.60755001,85.5823236143,2474.32030874
1106.47670839,71.7053189767,2271.68814176
1961.10228133,100.510853022,3594.40364294
2239.6102419,107.56856824,3987.5994758
1212.7783666,77.6726529021,2474.95897626
782.629281565,83.690898214,2142.60637754
545.361692314,95.6681022445,2099.96835379
898.333741654,53.0548888077,1760.47568478
618.2680759,52.8845902995,1477.64266827
1796.29504039,95.0735807885,3341.2407282
726.857356844,82.3213130195,2064.57869341
2714.08426416,113.245750667,4554.32771249
1090.44584842,48.2178477423,1873.98587424
2743.26709468,102.864447172,4414.81436124
1099.4321652,88.1931372404,2532.57064535
414.540405565,82.2730145721,1751.47689236
1918.42654699,81.6301576629,3244.91660901
689.77809912,90.8354704086,2165.85449326
2551.24517859,102.165321979,4211.43166075
1462.59339996,81.4541299259,2786.22301126
1963.3164897,66.3850919647,3042.07423413
914.829389839,67.8452914895,2017.31537654
1671.20225088,68.727907102,2788.03074129
1669.26000475,79.46025075,2960.48907944
1544.26510265,49.2923455078,2345.26571715
1937.25409487,75.6343836769,3166.31282962
1410.27944693,44.6028753938,2135.07617208
1004.53064618,58.9881455484,1963.08801134
1183.19587533,44.355269209,1903.96899998
723.325891782,60.3516698493,1704.04052683
805.861617381,77.1264887882,2059.16706019
813.278991528,102.860864245,2484.76803551
1080.37532526,59.2311556906,2042.88160523
2231.49414257,70.4198245246,3375.81629109
774.420624655,61.2548860483,1769.81252294
3916.5042393,119.342476032,5855.81947482
548.77560437,77.8438709626,1813.73850751
1204.5618107,61.5179864674,2204.2290908
1706.55971819,78.3330333761,2979.47151055
768.581442044,101.420499931,2416.66456593
1182.53120125,65.6232951043,2248.90974669
2180.36885991,96.4785249902,3748.144891
9000.0,66.9407944634,10087.78791
1034.04474539,124.271855397,3053.46239559
779.582828528,86.2288469922,2180.80159215
1554.44294669,101.50416087,3203.88556082
2079.2656243,88.9183768987,3524.1892489
1454.43605352,55.6153024805,2358.18471883
2306.38630394,77.0625909043,3558.65340613
802.956465127,79.0168565185,2086.98038355
1075.21186451,67.6646814876,2174.76293869
1201.31983071,91.4573859466,2687.50235234
698.415764704,53.2966161941,1564.48577786
1949.72494555,99.963034433,3574.12425508
9000.0,85.6844745043,10392.3727107
2013.35035616,95.190566712,3560.19706523
479.559423179,76.9777311976,1730.44755514
1825.65530442,85.5366242585,3215.62544862
860.3605469,95.1222907365,2406.09777137
1439.34707806,72.6613851095,2620.09458608
1194.10424756,80.4526300407,2501.45948573
2343.55631421,75.4080908676,3568.93779081
715.470959873,88.6339355997,2155.77241337
1914.76757583,93.6916749311,3437.25729346
1007.92330872,76.131096501,2245.05362686
1620.58580479,40.7797072584,2283.25604774
798.969733748,53.3134655369,1665.31354872
2190.27031892,55.7740621793,3096.59882933
1015.73617419,84.4748401553,2388.45232672
857.95151186,90.6476244825,2330.9754097
9000.0,76.6059403091,10244.84653
1996.96537882,90.4521629899,3466.81302741
618.34769825,82.149634291,1953.27925548
410.553900823,109.379472968,2187.97033655
1166.69174947,62.6384406568,2184.56641014
1089.46214107,80.7575506043,2401.77233839
699.408797652,54.5590633222,1585.99357664
1958.01831469,51.4482212536,2794.05191006
1447.43572327,113.417886247,3290.47637478
941.427810482,64.5145279502,1989.78888967
1978.78252668,61.5402485717,2978.81156597
1395.25875977,110.152508983,3185.23703074
920.033701251,109.653876113,2701.90918809
1257.54603307,47.8282953465,2034.75583245
933.105242647,75.6950565523,2163.14991162
1487.97183749,70.8416106828,2639.14801109
390.886344805,83.1614350765,1742.2596648
1153.06756326,89.3486226757,2604.98268174
1879.10181323,74.5201476535,3090.0542126
915.551970611,97.1740480655,2494.63025168
1312.57621539,72.135282552,2484.77455686
1766.87114877,104.269610316,3461.25231641
744.705980399,123.232984758,2747.24198272
1194.0625237,102.815246015,2864.81027144
520.641909939,78.354807549,1793.90753261
591.491825765,69.7409092465,1724.78160102
1081.00094233,81.7875636741,2410.04885204
2285.83306905,97.6100268318,3871.99600507
1075.20611864,72.7378117832,2257.19556012
2377.66406868,58.5445340266,3329.01274661
1448.2451534,110.342480083,3241.31045475
2593.48930976,111.449743444,4404.54764073
795.67276083,82.9625635971,2143.81441928
1186.50563208,77.9241527961,2452.77311502
1782.69314777,94.1939860077,3313.34542039
2069.3914427,53.7483892484,2942.80276798
392.595131501,81.7469547437,1720.98314609
1516.31311624,43.4345533532,2222.12460823
1895.45355154,75.4529749341,3121.56439422
1525.12583508,79.9298380413,2823.98570325
2032.87442411,75.2095955057,3255.03035108
1532.25418576,81.0014569189,2848.52786069
1562.86520864,73.8205404616,2762.44899114
894.903933239,83.6560241724,2254.31432604
534.961005824,93.2243413586,2049.8565529
1160.96597337,94.0098559016,2688.62613177
612.34674543,64.5415510149,1661.14694942
1419.76811577,96.099218468,2981.38041587
1995.69318033,43.6037286473,2704.25377085
1507.96502995,80.7723600192,2820.51588026
1755.44377784,86.4370302595,3160.04551956
1163.03121445,59.7972115665,2134.73590241
1054.41906889,134.874258756,3246.12577367
777.645710407,63.4824415384,1809.23538541
2348.36719549,87.520421297,3770.57404156
9000.0,85.3601043255,10387.1016953
917.968947169,66.5010708252,1998.61134808
1089.08407241,95.8001126521,2645.83590301
1010.86902531,72.0246363747,2181.2693664
1524.94501882,98.469819131,3125.0795797
1729.91472478,69.5684856129,2860.40261599
1163.16181011,49.7016001041,1970.8128118
9000.0,88.3218529293,10435.2301101
1279.54457731,105.467575007,2993.39267117
1174.46607706,54.2979061824,2056.80705252
1076.65829004,125.512869116,3116.24241318
563.991713557,80.9183997453,1878.91570942
1194.69664162,64.4627743435,2242.2167247
1011.17968123,112.156745845,2833.72680121
973.712649023,84.8921420883,2353.20995796
1043.47188641,76.19599938,2281.65687633
738.820859863,94.5589325933,2275.4035145
2085.10105552,78.3281093907,3357.93283312
1726.84337474,63.4520152722,2757.93862292
688.113101824,75.7764242331,1919.47999561
2162.37675305,78.4583968119,3437.32570124
745.038807653,52.6694307889,1600.91705797
718.789100955,71.487860322,1880.46683119
537.885902671,31.4222785654,1048.49792936
1435.52571442,92.492458669,2938.52816779
1369.7479446,82.2638903082,2706.5361621
1046.38345489,94.4335238684,2580.92821776
1157.55056206,77.1187369892,2410.73003814
1088.37820184,83.1379053901,2439.36916443
1482.88490312,122.943440499,3480.71581123
1632.44711579,61.9926197387,2639.82718655
9000.0,72.8061773506,10183.1003819
1244.30444183,67.9376751267,2348.29166264
2486.7263027,73.0230437732,3673.35076402
873.38913828,88.014463251,2303.62416611
1378.79583287,77.3237725027,2635.30713604
2232.19649333,76.1097673007,3468.98021197
733.756965329,50.1964963542,1549.45003109
1010.48251395,66.9121961777,2097.80570184
1090.45665286,40.7427187034,1752.52583179
321.283220421,68.641935796,1436.71467711
2017.46684393,82.9742033316,3365.79764807
582.7446108,87.4422318535,2003.68087842
497.423514217,86.2083779732,1898.30965628
1615.42431151,99.5742620519,3233.50606985
577.967967497,92.1537771243,2075.46684577
1042.63246192,105.367515825,2754.85459408
1594.50315724,95.9655987514,3153.94413695
1786.32800509,95.8749160947,3344.29539163
1044.12095958,70.035405335,2182.19629627
598.537348805,100.385425633,2229.80051534
602.18363065,72.3466027784,1777.8159258
9000.0,52.5981828984,9854.7204721
1150.66750678,56.4161046955,2067.42920809
1958.45560553,108.305591194,3718.42146243
9000.0,59.5050899089,9966.95771102
1234.15699765,99.631410401,2853.16741667
2646.98510652,58.5509062404,3598.43733293
1085.79548876,65.2024042307,2145.33455751
748.948388994,59.5753185153,1717.04731487
1319.87422209,74.2772633351,2526.87975128
646.81573637,76.6936493831,1893.08753885
1242.24675136,86.6993515807,2651.11121455
9000.0,83.1937859258,10351.8990213
2336.74159766,77.5272579612,3596.55953953
1047.71020523,91.317230232,2531.6151965
1265.33629098,102.45160998,2930.17495316
794.669571158,102.190864708,2455.27112267
1058.39351951,91.9212379342,2552.11363595
1331.30754298,96.5811987246,2900.75202225
716.81946626,65.6567705054,1783.74198697
551.837825764,61.0406376984,1543.74818836
1211.14317811,77.953673524,2477.89037288
1372.20375426,71.1245623355,2527.97789221
430.125776088,73.48858184,1624.31523099
554.847182677,108.054286846,2310.72934392
1627.22502453,60.4091343722,2608.87345808
679.354765648,82.3468668453,2017.49135188
321.614991011,74.4542576608,1531.496678
2656.85718542,69.7196989915,3789.80229403
2131.49638392,81.1634248627,3450.40203794
2438.16284648,91.7754514219,3929.51393209
1644.82150991,67.0267670409,2734.00647433
1727.41815795,89.1087336652,3175.43508001
1049.18302462,84.4801312381,2421.98515724
465.153535142,49.8373105214,1275.00983111
410.496872148,71.800292493,1577.25162516
901.332988664,108.326299594,2661.63535707
1657.85202796,64.0416177754,2698.5283168
1276.794294,114.483294498,3137.14782959
9000.0,98.828868352,10605.9691107
754.349984403,96.374210084,2320.43089827
578.483758092,81.6901032446,1905.94793582
1290.92917483,79.3279986706,2580.00915323
912.11054991,60.9643425961,1902.7811171
773.457187947,125.201369794,2807.9794471
636.427242902,80.8396879248,1950.07217168
855.653428226,50.8478225769,1681.9305451
1402.16987106,85.0774480176,2784.67840135
419.046416075,68.9006608149,1538.68215432
665.957965823,56.978713742,1591.86206413
2090.80362335,74.6086903396,3303.19484137
742.681328696,83.4576818611,2098.86865894
1734.14822726,70.9799780777,2887.57287102
2025.21648691,114.158604996,3880.2938181
1994.26179131,48.8088345123,2787.40535213
975.794741866,68.1917138784,2083.91009239
991.894435892,121.437689009,2965.2568823
1533.96493849,87.9523636014,2963.19084701
1505.7920119,107.082707251,3245.88600473
2357.08715404,87.1293285581,3772.93874311
963.471279321,78.5616145064,2240.09751505
1391.9789301,73.0800735541,2579.53012536
809.756045974,84.7791161759,2187.41668383
1867.7163032,95.382778589,3417.68645527
9000.0,62.0333307339,10008.0416244
942.17197269,104.429406819,2639.1498335
1284.43777822,76.9979741934,2535.65485886
1785.21256922,76.0159196468,3020.47126348
1702.53209531,65.9386718314,2774.03551257
1596.23073523,97.7769577137,3185.10629808
721.073812887,84.6736686164,2097.0209279
2241.31791251,93.6159677536,3762.57738851
1237.76030807,68.3507606551,2348.46016872
2022.30090923,78.4406422846,3296.96134636
568.918667638,76.4619184447,1811.42484236
1357.32785441,76.4487960431,2599.62079012
830.561866398,63.1128231677,1856.14524287
2744.50569288,63.3598752824,3774.10366622
894.676078595,74.9479747168,2112.58066774
2471.41409073,74.5051881588,3682.12339831
790.150530555,87.4046140404,2210.47550871
1554.12109578,75.774157015,2785.45114727
1449.75607333,44.9125724981,2179.58537642
2176.78205854,83.3490902657,3531.20477536
606.553010927,71.3397907428,1765.8246105
560.474175521,94.8992873096,2102.5875943
1069.33780189,57.8570242072,2009.51444526
1672.42272008,89.1864811861,3121.70303936
909.338748279,85.4382771226,2297.71075152
1303.31077539,74.7327195405,2517.71746793
1377.14868751,95.5342257656,2929.5798562
685.358979844,91.7617269401,2176.48704262
2072.00143864,121.175701599,4041.10658962
2465.32759149,77.1548631559,3719.09411778
784.077487615,114.112351414,2638.40319809
2403.16191367,90.3378049444,3871.15124402
464.95906601,82.0062822917,1797.56115325
1827.32001429,75.9963067757,3062.25999939
1353.71710262,60.5270257508,2337.28127107
1826.05703304,51.1136293698,2656.6535103
726.209267119,55.7267530575,1631.7690043
1356.54565765,76.7013134408,2602.94200106
725.200257773,62.5631788194,1741.85191359
1126.24053677,60.360792347,2107.10341241
340.63399398,63.4681400569,1371.99126991
1983.48942546,83.4729039337,3339.92411438
1011.13619241,102.191643788,2671.75040397
1139.33255579,104.467046405,2836.92205988
1521.25834164,67.9201936411,2624.96148831
805.516858009,48.4677481982,1593.11776623
1709.07026231,79.077097261,2994.0730928
704.771805815,66.9872482244,1793.31458946
1847.25237414,52.0903883435,2693.72118472
2059.61673473,81.8463077753,3389.61923607
1289.39513848,48.0679739776,2070.49971562
2793.74466077,84.1540213398,4161.24750754
1017.93915774,88.1037629068,2449.62530498
1327.66217987,75.1917428199,2549.5280007
1947.0204765,86.9496990202,3359.95308558
573.644909847,88.1781831654,2006.54038628
527.094318891,83.8437442187,1889.55516245
381.765331245,105.828090825,2101.47180716
1433.06884953,83.5828133064,2791.28956576
1864.32176426,77.01369253,3115.79426787
956.617556038,79.4559140752,2247.77615976
927.144308421,79.763846276,2223.30681041
1362.49969444,70.6973096449,2511.33097617
1215.33446207,110.14506216,3005.19172217
1240.79863248,75.0928667268,2461.05771679
1976.26880934,77.692929034,3238.77890614
1946.21481507,62.2097547715,2957.12333011
2306.19654743,72.6440855109,3486.66293698
356.806304851,103.610836893,2040.48240437
962.018667829,85.2305500821,2347.01510666
1412.21183898,93.3027259638,2928.38113589
802.44413167,80.0029527797,2102.49211434
515.11527424,73.8478650034,1715.14308054
484.826714589,107.124189123,2225.59478784
1327.19497392,84.9696417187,2707.95165185
1943.47808334,131.330491027,4077.59856253
1272.57994404,73.1714946588,2461.61673225
1572.70148124,89.5105401982,3027.24775946
764.311224066,65.4159899084,1827.32106008
428.668533823,87.2760745557,1846.90474535
1044.58256475,101.627164828,2696.0239932
1319.57056503,87.0568152219,2734.24381239
1497.88863645,63.1224403766,2523.62829257
1535.70987404,97.1792126739,3114.87207999
1780.89577674,62.0946241616,2789.93341936
1245.90468358,85.2548762188,2631.29642213
1413.79393365,88.5977113229,2853.50674265
794.849627559,75.2384306724,2017.47412599
2395.30130365,119.737758088,4341.03987258
719.808583935,72.363264368,1895.71162991
1816.78391878,100.691758837,3453.02499989
1456.1043737,113.244052264,3296.32022298
1682.9161206,81.0087195992,2999.30781408
9000.0,54.9874780369,9893.5465181
860.986491659,80.2435378462,2164.94398166
516.188753475,105.318474172,2227.61395877
957.381490739,63.7582052814,1993.45232656
1123.49550517,72.3235742455,2298.75358666
797.801967819,82.4863324178,2138.20486961
1265.36728162,90.1236488135,2729.87657484
671.910840843,116.147970166,2559.31535603
929.278043321,61.3848146761,1926.78128181
1370.84056526,82.0574047942,2704.27339316
1337.33360509,94.1305963551,2866.95579586
2048.97869855,60.4907203646,3031.95290447
1120.91982532,98.5556289227,2722.44879532
1471.4205182,96.6917918079,3042.66213508
645.995027237,66.5852173588,1728.00480932
1214.86397689,83.7754407578,2576.2148892
1093.75362592,122.348397526,3081.91508572
1806.72791524,57.8898492204,2747.43796507
338.38559069,108.429735821,2100.36879779
1647.7996397,100.151578287,3275.26278687
1566.84387105,100.440526575,3199.00242791
2018.75390287,35.1648913716,2590.18338766
633.918195566,99.3244476431,2247.94046977
1413.00743432,81.5560672084,2738.29352646
1305.90198033,73.9282669207,2507.2363178
457.218925328,68.2923684141,1566.96991206
1280.5829543,49.6904126543,2088.05215993
939.019561656,65.1013159694,1996.91594616
1571.24256003,76.8277974429,2819.69426848
803.726476432,43.345707663,1508.09422596
1114.42749985,99.2487574478,2727.21980838
2258.68029627,73.9380830272,3460.17414546
1687.62822372,74.0505654519,2890.94991231
763.688960632,68.7858915662,1881.45969858
996.61129895,73.5854953542,2192.37559846
2117.77642412,94.9859200389,3661.29762475
1926.64297018,53.3489103062,2793.56276266
1501.54439896,95.7011279699,3056.68772847
674.80708114,82.4700832084,2014.94593328
807.474447972,99.532115577,2424.8713261
1710.68024858,96.4548938684,3278.07227394
2575.85314785,78.3968177863,3849.80143688
989.445383472,73.3152856525,2180.81877533
481.20181455,74.3773737088,1689.83413732
1612.23858205,81.8475821536,2942.26179204
1386.90467103,92.9382001844,2897.15042402
592.858938098,81.4420542427,1916.29231954
1980.57026852,115.945505537,3864.6847335
1560.70071869,86.9264449862,2973.25544972
1078.24436778,46.0599146095,1826.71798019
1752.87357651,90.5284754861,3223.96130316
1228.0869909,72.7684148547,2410.57373229
1834.34094008,53.720008449,2707.29107737
1806.14579845,99.6132755113,3424.8615255
536.376769653,97.7679575915,2125.10608052
1811.29388645,80.627154972,3121.48515474
994.627640706,59.7709598273,1965.9057379
879.319278497,80.4127482629,2186.02643777
796.367128419,33.7095157403,1344.1467592
1611.22449865,49.6745415516,2418.43579886
2321.09909381,66.5905797307,3403.19601444
595.758322954,82.748321972,1940.418555
1774.81262914,89.8262155525,3234.48863187
993.357959143,57.4137961354,1926.33214634
988.506063644,109.198859343,2762.98752797
1128.35662335,93.4702798659,2647.24867117
1318.51834773,79.4160947525,2609.02988746
9000.0,83.2955194662,10353.5521913
1130.0947453,87.8561504298,2557.75718978
732.621362785,88.0836369677,2163.98046351
1274.96165568,70.730800491,2424.33716366
1209.51921764,121.442614834,3182.96170869
1869.11872224,72.8145844168,3052.35571901
1191.81659788,81.6733232243,2519.00810028
1563.49637354,100.332862282,3193.90538563
1735.56347407,91.1676880223,3217.03840443
1350.3976886,72.3647962412,2526.32562752
1802.32340783,44.5841980196,2526.81662565
909.841441957,71.8610364218,2077.58328381
1907.30160074,103.0136441,3581.27331736
1071.31398109,72.1293002127,2243.41510955
464.878535937,65.6128742146,1531.08774192
1289.74141482,93.6912909997,2812.22489357
1125.30991275,75.1459814486,2346.43211129
981.162864131,83.2970545268,2334.74000019
1175.54994812,81.506633633,2500.03274466
1415.71292552,82.9922570608,2764.33710276
1549.92629793,66.5370483334,2631.15333335
602.464320278,76.156310984,1840.00437377
1540.69508275,65.2376367061,2600.80667922
823.453127069,97.6797924393,2410.74975421
1219.60892993,86.6711153855,2628.01455494
2632.07179018,77.4073077253,3889.94054072
1117.04661577,82.20730676,2452.91535062
1249.32172852,73.3004617815,2440.45423247
1940.04655689,83.909783907,3303.58054537
1778.88887894,63.4497209646,2809.94684462
1738.69094853,50.0757354451,2552.42164952
814.137469188,68.3671722487,1925.10401823
1513.23811449,74.5800102876,2725.16328166
1214.39343936,59.6833497045,2184.24787206
879.180067723,75.6120076349,2107.87519179
950.528617285,55.4834065151,1852.13397316
1676.0152207,83.7738898422,3037.34093064
1257.15423463,57.0369946468,2184.00539764
1433.12919335,96.5910679912,3002.73404821
1082.78690459,52.5073479795,1936.03130926
1819.54139027,98.8357282265,3425.62197395
2119.37195438,69.7061369447,3252.09667973
1652.51018733,83.4517781539,3008.60158233
362.471169063,104.864148533,2066.51358272
1012.97447468,55.1488895106,1909.14392923
1648.16723114,116.041178768,3533.83638611
1740.98266539,86.5781416554,3147.87746729
1357.04022657,99.2843622239,2970.41111271
1196.1740685,73.0123717095,2382.62510878
424.691516177,61.3668614855,1421.90301532
2817.99025773,78.1936847374,4088.63763471
2154.76527564,82.7897980894,3500.0994946
1098.69436252,84.1475913241,2466.09272154
1559.68469022,35.2601453281,2132.6620518
2219.45261197,74.4773420531,3429.70942033
1298.31992407,87.7037131509,2723.50526278
1519.02447846,74.7124049788,2733.10105936
422.354880723,63.1104545649,1447.8997674
1988.498638,78.1727349815,3258.80558145
1287.75812653,104.734342684,2989.69119514
1878.71143678,72.9618575286,3064.34162162
1146.6857606,101.548995265,2796.85693366
1988.72750937,78.8976346844,3270.81407299
1641.64517117,75.6737222214,2871.34315727
1811.50622538,120.380180717,3767.68416202
1229.64066731,62.742232223,2249.20194093
1540.21685944,76.65945418,2785.93298987
1298.09107949,118.008763237,3215.73348209
992.262107455,102.174361361,2652.59547958
1287.58094768,79.2450681779,2575.31330557
2396.25681834,89.4894387419,3850.4601979
1255.91783749,93.6214801491,2777.26688992
1262.10033577,92.8202336695,2770.4291329
2036.41934258,66.9085449219,3123.68319756
1526.09719755,51.524751793,2363.37441418
2696.22880384,88.6814559356,4137.3024628
749.768528762,122.244414121,2736.24025823
1210.27524134,72.7279972955,2392.10519739
995.597306808,67.0028619523,2084.39381353
2002.9382319,68.7655554528,3120.37850801
1429.60156227,89.5745467057,2885.18794624
1379.47373539,67.9802635975,2484.15301885
834.570058051,52.0827152562,1680.91418096
1712.482417,73.1462570225,2901.10909361
403.312220807,35.1845584887,975.061296248
1805.97104184,94.2946149216,3338.25853432
1295.28531712,95.4016464828,2845.56207246
657.788773331,80.5153339246,1966.16294961
826.099436522,85.0022627247,2207.3862058
525.517920319,75.8976900199,1758.85538314
1433.15349637,63.0393012343,2457.54214142
428.216732479,121.347494319,2400.11351517
2509.73336374,141.177,4803.85961374
933.241622379,90.4983963009,2403.84056227
443.338710461,54.7689933984,1333.33485319
435.171193511,75.7156387765,1665.55032363
771.69379074,54.0540989684,1650.07289898
887.067726811,86.1146911549,2286.43145808
401.534471481,81.173756349,1720.60801215
1844.21046466,46.4018245431,2598.24011349
1917.33019858,66.4144675971,2996.56529704
1747.60761826,123.405656575,3752.94953761
449.528981719,38.0346664945,1067.59231225
1017.20163612,116.346944993,2907.83949226
850.966414762,84.6029657384,2225.76460801
2052.5095165,96.6308518207,3622.76085859
1654.82904203,117.284071807,3560.6952089
909.55708616,95.4000021893,2459.80712174
1493.96808757,108.823788755,3262.35465484
1752.66255434,80.8952899669,3067.2110163
1282.42100977,82.5935292608,2624.56586025
1812.40935289,70.1713164351,2952.69324496
804.343542453,105.327573638,2515.91661407
607.216454603,115.735566643,2487.91941256
880.9686623,82.4134347245,2220.18697657
739.171319051,76.9839048975,1990.15977364
2147.19685666,91.4701924434,3633.58748386
2520.45984179,48.8842102154,3314.82825779
2316.53705526,62.664508919,3334.83532519
913.458499095,73.1274747598,2101.77996394
2201.98736744,65.9512345011,3273.69492808
1514.82749365,99.0658752592,3124.64796661
1149.84260514,50.476235145,1970.08142624
1259.93667267,53.38119144,2127.38103357
1892.45454273,82.5214943902,3233.42882657
9000.0,91.2820253968,10483.3329127
605.427757406,99.4896949795,2222.13530082
2070.23766152,76.6663262366,3316.06546286
885.509753605,77.67924799,2147.79753344
2111.53462832,88.0151260945,3541.78042736
1085.50758634,87.9581461441,2514.82746118
2132.55189526,62.7372215454,3152.03174537
1090.04506314,84.6666025442,2465.87735448
2473.73202096,74.1684088965,3678.96866553
1151.13884293,70.1690072805,2291.38521123
786.213725656,116.070952994,2672.36671181
2224.49291264,74.5086325806,3435.25819208
9000.0,74.6619821685,10213.2572102
1517.41635744,93.0908519781,3030.14270209
2083.61280009,113.91118178,3934.66950401
551.676418054,90.8342101146,2027.73233242
936.69540949,63.5159898645,1968.83024479
1133.01951328,47.879853189,1911.06712761
1085.17326017,34.783742815,1650.40908091
1802.51860572,104.463921546,3500.05733085
605.08065936,55.4723285587,1506.50599844
2466.81021194,66.7166118031,3550.95515374
967.083381333,35.5029239345,1544.00589527
308.616016179,80.4220626167,1615.4745337
570.743461309,74.1007977407,1774.8814246
9000.0,59.8127353073,9971.95694874
863.092456822,76.8524406075,2111.94461669
1791.42497509,75.7532401601,3022.4151277
528.252032749,38.1241248284,1147.76906121
2664.96797393,129.406131756,4767.81761497
850.01526224,98.3929366549,2448.90048288
9000.0,132.399718031,11151.495418
814.391545454,58.1668818567,1759.60337563
1656.50059374,61.5049963296,2655.95678409
1295.66334386,90.6188303583,2768.21933718
1154.97750226,94.8862803293,2696.87955761
696.862446984,87.0852245728,2111.99734629
670.508493564,69.3968205848,1798.20682807
1111.89377932,57.3769017949,2044.26843348
1009.38394531,92.9661107837,2520.08324555
1571.11679207,72.1246579081,2743.14248308
1135.22897327,109.803888608,2919.54216314
1312.77817689,57.1036423107,2240.71236444
944.714309803,78.6995611191,2223.58217799
1241.77113302,74.740043049,2456.29683256
1459.97949468,77.4181750184,2718.02483873
874.60410531,78.4090783195,2148.751628
1492.33770143,113.095114265,3330.13330823
1730.15285972,96.4970770734,3298.23036216
9000.0,98.5548546095,10601.5163874
2115.33677261,92.8999243799,3624.96054379
556.789477727,79.0706731795,1841.68791689
2105.88225414,82.3728970708,3444.44183154
1926.11575289,59.3226888947,2890.10944743
1122.19939257,75.0353756812,2341.52424739
813.06074053,95.6133604492,2366.77784783
1915.45412193,99.2043601256,3527.52497397
1794.87806672,94.3192140545,3327.56529511
1280.54700933,71.8260507494,2447.72033401
783.258699682,79.7126384839,2078.58907504
1587.9233058,112.402178262,3414.45870256
571.490954943,55.4457640734,1472.48462114
1687.01083719,104.105576045,3378.72644792
1506.77401572,70.1262337916,2646.32531483
1060.51857099,110.793920136,2860.9197732
1582.49361295,79.5074498132,2874.48967242
2089.39100907,102.705469331,3758.35488569
2123.43886628,80.7651640786,3435.87278256
1789.15583165,89.3003842447,3240.28707563
1148.17322707,72.4176096104,2324.95938324
2818.99258605,41.6877398366,3496.4183584
3123.86461548,66.3718907611,4202.40784035
1235.25136681,61.7327933443,2238.40925865
2989.25815629,95.5805671407,4542.44237233
1493.67817877,79.556559761,2786.47227488
1059.00496686,73.1190851067,2247.19009985
3001.01582277,74.4334447054,4210.55929923
1537.14009736,66.6510688901,2620.21996682
1969.02746083,98.17112279,3564.30820617
2185.72045093,71.5395526044,3348.23818075
1199.21607668,107.244500454,2941.93920906
655.642183887,51.8512887473,1498.22562603
1200.9038531,66.0310020894,2273.90763706
928.009042383,114.606994425,2790.37270179
1122.16692868,67.5017351537,2219.07012493
601.293350739,67.2573946972,1694.22601457
1466.06241165,93.7070776257,2988.80242306
1360.01616671,92.7510491439,2867.2207153
1022.42712493,97.7427853258,2610.74738647
876.383236196,92.3542730218,2377.1401728
584.209913576,61.2961297159,1580.27202146
1450.22339105,47.7554851882,2226.25002536
1766.4614663,87.4966245726,3188.2816156
1121.71453583,65.6385934514,2188.34167941
1388.11962733,82.5383985392,2729.3686036
1482.88262023,79.7158957757,2778.26592658
856.45479839,94.1812317133,2386.89981373
3373.80611699,71.4308099759,4534.5567791
1898.15194814,86.985769394,3311.6707008
426.45891199,80.7001815169,1737.83686164
1998.44078283,59.5471442943,2966.08187761
1088.0740103,70.0825830503,2226.91598487
749.104920248,76.9825002818,2000.07054983
780.166835377,56.5534099253,1699.15974666
1253.47550468,120.383074227,3209.70046087
2072.70225112,78.149982129,3342.63946072
686.442362141,73.2560120852,1876.85255853
474.098521498,105.426695029,2187.28231572
1879.24918065,57.9573676157,2821.0564044
2294.55416833,65.3700889763,3356.81811419
1191.47289667,95.5118567029,2743.54056809
1134.01125367,80.1459872465,2436.38354643
1437.90261405,106.755868862,3172.68548306
9000.0,95.7807654358,10556.4374383
1135.46124739,97.2982723669,2716.55817335
508.906657118,62.1663295773,1519.10951275
1496.74600217,103.28976064,3175.20461258
1166.53716557,99.8185009666,2788.58780628
436.995273296,92.8896334484,1946.45181683
835.252124593,73.1923013291,2024.62702119
1194.57785213,98.7379152255,2799.06897454
2171.46765671,68.1003079274,3278.09766053
480.946421075,79.2637367588,1768.98214341
1551.01989634,98.8317839577,3157.03638566
1306.45581368,79.7723389705,2602.75632195
1910.98893264,82.0926583418,3244.9946307
742.60338689,41.2624346671,1413.11795023
1185.40670409,112.792963075,3018.29235406
1236.76421035,73.0450262371,2423.7458867
411.071787427,118.562127536,2337.70635989
882.405503463,56.1823537155,1795.36875134
1156.96434218,100.741762135,2794.01797687
1501.00175683,56.9687622935,2426.7441441
1015.38490934,88.4485540983,2452.67391343
2163.23101637,95.2007032836,3710.24244473
1463.80286377,75.5262460271,2691.10436171
1319.50721834,73.8211689786,2519.10121424
413.191371419,78.0143253597,1680.92415851
1673.647257,48.2663659584,2457.97570383
693.27724815,81.2741371191,2013.98197633
1133.07471061,102.01872835,2790.87904629
1092.09878931,74.582369114,2304.06228741
1060.76879448,79.5080461211,2352.77454395
686.997469609,81.1462731368,2005.62440808
1204.65590691,103.116040708,2880.29156842
1730.17374192,79.3920388548,3020.29437331
1939.85372041,79.3210519388,3228.82081442
515.036892348,118.552814222,2441.52012346
1899.15617729,58.8210689225,2854.99854728
996.481710931,105.580100902,2712.1583506
1141.76097654,69.1237845635,2265.0224757
1102.5680462,130.621615385,3225.16929621
1372.3812871,80.4763504148,2680.12198134
424.049057889,74.6838784137,1637.66208211
353.998314871,87.4012403159,1774.26847
829.855527896,113.979344127,2682.01986995
1512.54128592,109.063245824,3284.81903056
1287.7965759,64.5630218092,2336.9456803
766.366628594,47.8284611087,1543.57912161
763.490161403,94.8451335412,2304.72358145
1514.67520587,41.284431796,2185.54722255
369.288234687,79.2196776754,1656.60799691
802.58948675,95.4509446115,2353.66733669
330.293546983,56.3521126301,1246.01537722
1619.0442774,76.2609181704,2858.28419767
789.793757956,70.534597198,1935.98096242
1439.7480633,111.946769634,3258.88306986
1686.91410831,107.665921504,3436.48533276
488.463077462,45.7246243282,1231.48822279
1200.54474008,103.055430755,2875.19548985
820.051005052,90.3535752669,2288.29660314
1676.81039055,57.9097270658,2617.84345537
954.476021578,90.5807261072,2426.41282082
1735.62143432,101.290897683,3381.59852166
842.314152358,103.238705122,2519.94311059
1295.48435049,80.5760458029,2604.84509479
2233.69642225,97.3034157187,3814.87692768
483.140857176,80.2074729033,1786.51229186
511.546902199,90.3553267355,1979.82096165
1922.27364832,76.9509159864,3172.7260331
