WORK,TAX,MET,SOCIALCAPITAL
22.187646544,79.8602263335,3.94097773204,210.885094528
24.6363177792,83.0572509782,3.30749055345,207.17385415
31.6209260068,96.5414799422,3.16013736151,234.145103974
55.1951254914,69.1600745278,3.72260718622,273.480829021
45.9966546011,97.7836190373,4.81035337407,302.21621513
24.8430833192,86.3744442366,2.90696389653,202.967012909
19.635897916,69.9350115888,4.67620676353,209.660451066
35.2948014009,92.9904794936,3.57437053937,247.523028497
33.6263444286,56.9947079668,4.19944864917,220.103106756
41.7104002381,64.7935399813,1.95726805111,202.079301724
33.4066478282,73.4011139894,4.4838312589,241.680240842
26.3423704623,98.4410837672,2.38995619193,208.221171066
15.6957869994,78.5597264113,2.71503990565,169.791141755
74.9990027194,60.3349884912,4.03459786636,317.492099317
38.611426805,78.4868948648,6.86094654603,306.554651915
73.4925362804,72.8198088251,2.01810722981,286.102542035
27.8265925077,66.0797482177,4.09699775169,213.492892763
55.105271355,97.7111332995,2.87440691075,284.856464486
41.9788490397,64.4191646118,2.13541564367,205.899511391
20.7922921377,114.772689381,4.19571599215,247.609193395
255.0,98.5327707926,3.66606291425,771.843529078
20.1802367057,89.043296947,4.40567020804,224.638780053
13.8033849696,89.3990366321,4.20258318466,205.92868482
50.5128893581,60.5249633165,3.27192178723,244.815176432
51.8684957284,98.8109126628,3.62937678752,293.439832012
25.5759941114,77.0103527132,3.79349872858,213.058083829
35.9851003006,76.2459823078,3.69699091846,234.855143174
52.8811333466,94.7972738203,2.03802194515,259.981731375
31.3138560005,49.0793419427,3.6518902974,195.795519674
17.6131490705,75.6923884608,4.45343990346,206.203164978
14.808185712,107.773550152,4.07652115844,224.146153482
41.1091477746,97.6396383404,3.54718517873,265.309055714
31.4586033994,67.3956163356,5.66744751828,254.76351464
53.5490617954,60.059600105,4.84959749579,283.047137519
59.9208503262,68.2114383169,4.10961344695,291.391475988
31.9886247308,55.152928691,4.39698920504,218.358747921
28.9733617585,71.7250443111,3.14451823898,202.786831972
43.5564337922,94.4713652874,5.5661058621,308.277415599
19.6343755567,85.392981551,1.95840942245,170.758892247
54.4574904609,83.1273744063,5.03813714017,312.023146515
44.3269900738,83.6120770833,3.65583762281,261.025804484
47.8160907695,65.584026898,4.34611149476,265.012736765
68.6977500914,66.604237723,3.88284893836,305.90015268
32.1167421539,83.6878479752,3.54539215704,230.16317373
58.0892224919,73.5814799135,8.0,370.259611515
20.7012078336,70.1288513792,4.06564354287,200.149594148
28.0025419827,90.8448203066,3.99517097152,236.635420768
58.6715684007,107.692438385,4.1425568825,328.591909325
50.3209206017,68.3155863278,3.21348674915,250.985415395
39.970807408,82.7987593331,3.83331677515,253.512407586
23.4033820523,60.2508437057,5.42681789032,223.853019143
255.0,61.2122924521,2.41641726644,709.530137781
40.6301861778,67.2351373606,4.70536510734,256.941204565
31.3234498881,79.5209298189,3.82020542944,229.625983649
66.4361033122,73.9905251177,2.91883248436,288.684682288
25.8511581541,60.0000339598,4.57607905072,212.346804995
24.0434365441,78.9643527045,4.78895612681,231.315277085
53.4360635802,83.0549924937,2.37926128563,256.369932204
21.0161137836,96.0586478195,4.89956598696,243.49878168
49.8059662567,72.1542854558,4.77404201852,284.823583832
67.5191963986,68.2980669518,4.63689288483,319.901841854
41.3863385239,108.261708116,8.0,365.639624029
34.4523294028,87.8315511148,2.26942561645,214.282949296
45.9690310098,83.8786465999,3.87819481824,269.603076028
71.6988899257,86.8990606043,5.88669222866,373.333223284
14.7848381866,65.5580707852,4.61927418217,192.730800198
53.3494691913,111.989196754,4.14350805266,320.385323868
10.0397801729,71.3558742614,4.85183889422,192.015250915
11.5229836586,63.5974274006,4.64949522401,183.699760131
30.5609802368,92.8321204298,3.17771041603,228.29325915
33.1105763837,71.2493811861,2.30963748115,195.348005982
29.7210366625,55.9027797845,3.61546499146,198.142706777
36.3948682836,81.163838761,4.37208133583,254.238951062
11.8074269852,135.083106043,4.18206305764,246.506062149
54.395229349,108.825648185,2.75958798038,292.003942928
29.1489453303,104.922697446,1.82101648333,209.92758058
36.0661301002,71.1275726011,5.01592718992,256.306113912
57.6468834643,81.069387346,3.63156044076,289.337948264
19.0129073694,53.4437169143,3.82914192033,174.762025071
18.2527206185,65.9170345353,4.48317896039,198.527440086
15.9496577972,84.7546610529,4.50103439232,212.30329873
19.1113768016,70.3732437666,4.56006629585,206.54172816
38.1617599668,60.5492868518,4.55494707687,241.439033415
16.2943481417,91.8673404182,1.6853972854,163.914257869
37.2382569821,92.3546340331,3.34199997842,246.812528455
54.8663301253,114.680977164,2.89046985288,301.585362373
32.8232958886,40.8632775201,2.6145505099,170.384220614
41.9592439632,80.7045424607,4.55404591605,270.511365903
255.0,76.0924835156,3.56609924952,747.403968506
255.0,68.3509122629,4.24616256583,753.263663579
14.1293837531,76.2934506761,1.77372246415,145.012926992
31.7421657761,70.142937307,2.74783375115,199.785754185
13.8479458445,94.1661494427,2.92567242528,185.262429726
36.5691467599,87.2738951685,4.59910584443,265.299557468
56.9015828343,92.6934434074,4.82441474346,323.065472527
42.861880573,75.6413819607,3.59590160966,248.409132954
13.6802938994,71.7961732992,4.7436642515,198.857821845
32.1469696393,111.63933277,2.98139666946,246.905871023
13.7069738651,108.995501494,3.16246329143,204.49590613
51.2665084307,74.3154529068,2.33131056299,241.566631853
54.9583199997,56.394860132,5.68911752418,299.488641743
58.3020305928,118.018987064,4.58495016251,346.896838096
29.1775513964,70.1789503869,3.85150544171,215.860919901
73.6152213642,66.0161671259,3.8140369522,315.506160518
48.0946290322,92.4330830084,4.09775782116,287.550092082
29.674677275,95.7340615347,5.51137306178,275.783070931
27.1512512046,85.0130996932,2.68786594528,202.654597558
32.0309779822,98.4813104945,3.17544782238,237.355955036
32.0161863446,72.4433546885,4.08750501111,229.524339761
50.2807251363,103.595470174,2.87299357144,279.360859776
15.2763830957,64.3877395027,2.7034473745,154.400488779
13.3905023175,50.9057097624,3.78740742657,158.160371197
44.7470998216,94.6682982972,5.21395164871,304.232782442
38.6498321687,111.394822582,4.97445271315,301.823066954
28.7201173577,102.64055974,5.14605102416,273.137144354
255.0,106.228133369,3.86052917503,783.42821687
41.0404130667,63.1458603336,3.03053373652,220.320522969
28.8413090397,74.6483463379,3.93552777588,221.219617895
28.5822194048,74.2889154118,4.87683952503,239.07680995
39.3533880731,62.4070208274,4.77515499461,250.504707517
23.403450201,78.8551483982,4.85693522269,231.05983083
10.4262498831,72.8925805146,2.84279669341,154.280437733
54.0379682862,70.5451090562,2.98698177285,257.430680094
42.5503028253,115.776885785,2.25734708606,261.040435023
255.0,92.6500373922,6.42085658921,821.056669176
39.54101605,77.0422010691,1.54519713647,200.982200463
63.2028592037,109.437282739,6.94183103867,396.983910933
28.4914718557,88.2762879564,3.71654292046,229.644730495
37.8211445364,62.2771335468,3.51122590463,221.491022619
24.1854242534,101.844733763,3.05275083773,219.805635244
20.7645068586,62.6420561807,3.11363722637,173.771608896
17.0161742489,81.3723467026,4.55029123492,212.415527791
39.7367885551,96.5225888661,5.57439198527,301.507118363
75.5623277266,93.8358458027,3.83040027959,348.234452302
16.9151583449,63.8565489663,5.24427329973,208.541691031
24.9256131717,141.177,2.52822852865,250.389045805
255.0,74.0040591185,3.73693472904,748.732253699
55.2029220081,93.1609203732,4.32514291188,309.550733804
26.1300082225,114.847804781,5.01844230642,276.697947257
10.5051228398,81.9021638932,2.07968280813,148.213323586
31.5635737563,73.7162461545,4.23317715255,232.645721897
57.0522968854,86.960061979,3.2119103365,285.436618051
22.1985900397,100.871857757,1.63186988935,185.740318048
16.4658575191,91.1945804735,4.15741709273,213.085438485
31.7563765738,78.5537796691,3.37237457725,220.720849655
71.818349334,108.339674963,4.25905152729,362.502099657
37.1424306821,51.2392697428,4.64362632074,231.50422131
40.2284520161,90.9429482187,4.36971723384,272.990817644
40.903498516,84.0875142415,2.48787302205,230.086816341
32.0699693006,82.3986924837,4.69406265172,251.737376286
16.1271654154,68.0664251564,5.04737095239,206.95945171
30.9388455345,61.0820304723,3.00986737388,194.075387608
31.5236404972,111.977714482,5.75200712469,301.189830702
42.0223974164,93.7822065378,4.69973906191,286.651486657
10.9765593918,113.967588599,2.55202242803,190.834783753
42.4973519864,115.25271469,2.95876528332,274.420039846
44.8866504762,61.8834525538,5.24407584201,272.378769299
17.3375727417,107.725471099,5.75990743879,263.717194778
19.7198013384,79.1651004488,2.95991983716,184.762217761
35.2067086288,84.4394441275,4.95535489608,266.384406782
50.6748398315,54.2101242119,5.37539857875,280.950926426
14.0262279878,89.4527083016,5.18281554334,226.111331001
8.51396435778,74.6030118629,4.69614247978,188.558368196
38.8957761442,86.6742723275,4.75753961767,273.342936371
25.4436905347,89.2552223576,3.90821788908,227.286039598
18.004360351,103.772155881,3.51352695203,216.405154392
53.1239910195,91.7058632705,6.20481978785,340.797697497
24.7388080776,56.5327573407,3.57415361467,186.22377116
32.3371857348,63.5195152731,4.89530610811,237.511801751
21.1039065726,85.0241547497,5.31754682785,241.030473081
23.1284187475,54.5230059611,4.91260851228,207.194032678
38.7904781952,63.5294191864,3.24490923907,219.697720113
19.7955174182,95.6840119562,4.46574802158,231.575845321
255.0,80.9545292259,4.35378845211,768.019798268
23.4068325499,117.881751425,2.84765017428,229.908691217
27.6410518871,77.5448967693,4.37233843263,230.028296407
47.3815792817,64.5592639039,3.14802745932,239.003930982
57.3614245434,107.14607714,1.78516129773,277.814998903
57.1703265762,99.0809775018,4.95307580077,332.658554918
24.6458030753,122.749025648,3.5828686954,252.395509612
32.6056167581,74.6556101375,4.15007943397,234.374954487
255.0,65.2660651209,2.17000419047,708.65564893
17.4687346509,61.2732504,4.60089140475,194.393264255
35.8171977196,73.3595971421,4.39288206155,245.491522887
70.299733313,64.6565345999,2.72764997606,284.617776633
64.2095073497,70.9614666459,2.64949622109,275.029940911
24.8246239006,70.9645765117,4.49802547884,219.334943664
55.5347661389,109.763981566,3.80803895153,316.592511844
21.0984036649,107.068616113,2.28799145365,202.470879169
45.3796413953,100.77365825,4.23338489705,292.21511443
33.0294923506,71.8793303285,3.09389071217,211.472237124
34.7230970071,96.860996757,4.44118591029,267.384689911
38.4020370191,75.779059575,3.89234096038,243.982031685
32.3464262905,62.452332961,3.84027572136,215.365753807
31.4105296494,63.9772597337,4.30114803714,223.906055689
69.5245670018,78.2967647728,6.32878684895,368.45685545
31.3528932607,111.981018156,2.89806014824,243.712443674
24.1323337945,58.4114875918,6.47628750626,244.718205902
25.9623556783,52.218411435,4.46147563077,202.534750726
54.1466228444,137.68915125,4.72647876005,359.620315342
68.6163226675,99.1981278489,4.24094198179,345.464313089
45.7326900028,89.9848084184,2.95068250482,256.602904822
13.7406439623,46.0462535628,3.16538537574,141.684322256
23.0544175578,62.5678281117,5.07321749512,218.276917086
36.4263662986,78.8307534957,4.67305813267,257.999513413
15.5392520353,92.4358342849,4.50272748393,219.052690077
25.3451258865,63.3990897046,4.48977377632,212.829111929
13.5133255066,76.622988955,3.58194959023,180.057484344
35.9704161897,79.4931142225,3.98896607253,243.907227926
35.9091677718,73.0201875265,3.4795109649,227.101087675
18.5343034214,74.4073285578,3.23953483417,182.807387762
22.1262791689,83.942486429,2.86215475143,193.246503714
13.3468174176,89.5146673515,3.74929228277,195.904239709
23.2296094076,102.564753071,6.19691511799,281.160003406
47.2839052854,55.1001838205,5.25728378847,271.500160336
30.659836543,72.5697836075,2.2087682168,188.884677346
24.7189025969,91.9489950996,2.3701695628,197.513492276
28.2711931591,90.7324564229,4.16066137037,240.464974214
37.3305112594,87.446843777,3.01063566744,235.494517068
55.4104162029,88.60148699,3.86589840289,296.294623332
16.4026257858,78.8716455867,4.78305105029,213.126404804
40.0471804768,76.8303012361,5.85145710162,288.086454212
46.2897133742,63.1597798233,5.07518822825,273.578610987
38.6752183671,75.866775692,4.65056465325,259.876990053
47.56910161,93.0158299037,2.93553472731,263.651863628
16.8555643206,82.7910297458,3.55558459341,193.562178904
14.3061242299,53.0848718986,4.71456911899,181.037133979
21.9313244878,80.2175820243,4.31341915069,218.088178425
22.1716254196,123.748453983,4.10969350583,258.109941549
39.375627273,64.6787846976,2.83425302957,214.0107587
43.9586743938,86.4884442029,5.64279016963,302.774612577
12.2981811026,58.2780690165,5.34387049467,194.091869226
16.5373674296,96.4226385574,3.94505406819,214.234491746
20.3680066783,73.220702821,3.02341281617,181.612842058
66.6234394413,86.9897164513,4.20443204423,327.836647997
25.6029094412,118.223307286,4.12407979025,260.945988715
13.0280839666,93.4051860783,4.30575149608,210.173994765
38.5687147274,98.5717763954,2.72723516285,243.864808535
31.2879886611,71.0513155153,4.08776853854,226.424194807
15.3237659979,82.9382977106,4.74484632028,213.890513133
54.2496092882,61.5637252634,3.84637737391,266.135178436
36.8691046686,82.6747905332,5.02361094458,269.896325799
38.3450135835,89.8715973685,5.86753761365,297.444332102
36.6316018653,77.4306982633,3.87563271581,241.133848608
25.0811536603,62.2980494718,4.71147901296,215.541076178
77.358747006,80.6815052929,3.55366215342,333.772144192
51.3877789181,49.5411201471,4.21602642972,254.771953758
18.5017353346,102.574854732,3.5477493577,217.062574955
41.378434919,49.9168382654,5.28641533946,253.004464575
44.0974541946,122.408134419,3.43789308213,294.922896036
25.07766204,92.9511483289,2.40632353921,200.082850127
18.5902183914,73.0816610632,3.43610922135,185.544770343
35.1433451352,75.0663335848,4.74851436129,252.725397579
35.6538598019,75.4734580193,5.02151431821,259.793711111
35.6091080605,88.3488056665,3.2152300861,236.438077744
19.7203507468,107.848244535,2.82638557275,210.775969262
20.9084465886,83.4888218848,4.24164278894,217.517161642
28.4704843917,57.6729236035,5.74963201128,239.653766554
45.9176704241,73.3281867757,5.24540806762,286.276034869
40.4856945349,99.0567181504,4.37615181643,281.83854515
14.247912185,72.5517241571,3.65364548466,179.14854643
80.2413408142,83.1426463475,4.77004605642,367.343418278
40.9134481954,81.0086924266,2.41737332741,225.621411234
40.6033725337,74.0036145192,4.04989748422,250.537239438
46.0773982679,87.5891795648,4.23572615397,280.719213029
23.2854993614,39.1731005299,3.91346074844,172.230766946
33.5970632395,84.9024902964,4.40418742105,252.036768814
34.5857131968,70.6748912128,5.35296226112,259.110861016
38.2866707266,78.6154491921,2.78638409144,224.427838573
73.7466484976,98.4943206723,3.64312565025,344.875322927
42.4089238282,57.6540491903,3.48589824893,227.155971044
22.9722729608,110.071521927,2.59837718167,216.09052661
15.2240516038,65.1499217704,2.0293693613,141.557980015
24.6301915531,66.0705857564,4.91816310389,222.386225539
76.1207848131,116.028223137,3.80127588905,371.158335505
27.8464996509,123.730103846,3.05380442186,250.326221311
18.9927346177,71.5133517238,4.74417875456,211.084932097
23.9862621134,77.7735667022,3.42887233532,202.788289535
30.794820549,53.1721556439,3.22213599774,190.072008868
39.2023099305,73.2104333757,3.29586875838,231.366923579
39.4022530391,72.1539365383,1.97193907132,204.30227914
22.2217440657,62.3844849599,3.7826742379,190.32351133
12.6606261511,56.9279168207,2.85357115464,143.788527184
56.99440611,98.3170178318,4.2631784184,317.682724336
45.864537421,80.3949745235,3.49854467059,258.280538033
23.8583260506,76.5996073799,2.90834936205,190.902849985
38.3597867975,97.9415007308,3.07075185097,249.613280106
29.6720218581,45.6864153482,2.81267671389,171.755249856
13.9018063331,93.8586780369,4.03844541794,207.337146517
255.0,61.9016389913,3.65028827805,734.896904552
15.5081474801,77.6459248369,3.42553000238,182.64564509
32.3534290504,94.3702710234,3.51324727207,240.759599677
27.8168540939,96.9756772075,4.47970126233,252.019978452
19.9159730931,78.2935982898,4.22052627392,209.564416859
27.7816440002,102.42704986,3.99749063708,247.744292769
33.3484619229,66.2095886548,3.56305471701,215.936279053
23.6089632185,52.4981804459,4.69890713651,202.025852733
27.8253877777,68.6280252313,4.28688175114,219.836015156
37.3814743386,43.3696418165,2.77770943615,186.878701511
40.3557171753,72.1329692502,5.28387462862,272.763428764
48.956006512,54.4093746399,2.79406024806,225.479167323
28.9678578932,60.4588551074,4.22463341917,213.109996328
36.3191874315,63.7573147156,3.6275672067,221.764074957
47.862659497,82.5844012688,3.37392921428,262.679037085
47.0853081513,63.0205480011,5.48603354527,283.528240456
41.5872510694,77.106894785,3.08404058042,236.638349435
18.2665514809,58.1821035751,5.68266429832,214.814758521
61.8563336431,64.3253203589,2.74224589997,264.712005787
31.7887564351,105.877785939,4.42144922448,269.102535445
40.216378812,98.7757059227,4.08521224976,275.105068625
30.4477258078,106.110972535,4.0862316248,259.476059084
46.7461306295,114.6737079,3.07101035068,286.082885672
49.7429053568,74.7931810228,3.69116417426,265.656546522
28.1289195393,86.5552003859,4.04941302765,233.727995723
49.0305195932,65.2449859104,5.25233076601,285.655510781
32.2357366957,74.8242096786,4.98723214061,250.416317362
71.6229119662,64.0867881114,3.99130771132,312.434491903
32.4482088205,53.2926302514,4.98503222272,229.34066524
42.4735110218,92.3395977386,2.38007069776,239.876935777
34.9927956634,67.7531382991,2.8527041242,207.141769699
28.4626574865,60.3865742526,5.23087231952,231.973807443
36.8882640577,84.5850001649,4.78041303551,266.987657376
18.1214520231,80.0296696446,4.02576384992,203.182911108
12.7691621092,101.619537382,1.97144068902,171.092912689
18.5081034484,101.620068961,3.60377025306,217.243190626
48.7990103365,70.0677852986,4.06526262218,266.192229163
30.1503096341,97.4488437789,4.05813169847,249.552141286
8.97006421879,93.5160919068,4.1126094187,196.873944381
14.2234015792,106.868482387,3.4305100249,208.944924461
41.6825836282,101.556219092,5.484311264,309.317395391
28.5213224792,85.7209089599,4.43980787234,241.624886068
34.7546573152,68.120278907,3.7409820787,224.714153678
20.1003015726,60.4294620005,4.09880350389,189.699531649
33.3774021922,101.679256178,5.01113115989,280.435568994
57.5580515151,103.304475758,2.27525492129,284.237913594
39.8714192004,116.686622947,5.11554920809,312.811069346
31.4547772922,112.187032187,3.8971453935,264.139885547
54.1971208284,29.9331098122,3.71423145134,231.738144436
26.6648868736,51.3226106241,3.77205762695,189.503575488
9.77871998384,74.5871047051,3.77425421123,173.08053918
23.3392463865,88.0854051786,5.04442876203,243.888893242
20.5681863657,97.2374684079,2.54153394946,196.463033097
36.3189622589,82.133475248,3.13796152065,230.34759196
31.9027177502,104.549774031,5.13205708691,282.254820363
52.1132533999,94.967682588,2.54631563514,268.511269215
39.9756306375,88.1070700403,3.68474930844,255.860717536
43.4384295805,80.1283474485,5.71508918576,296.636412124
45.2943953448,82.7879354102,4.46544934633,278.670105143
46.3192628372,46.7868976696,3.39456787794,223.662848758
10.68884183,86.7638004333,4.76003087526,207.11419388
83.6151984728,73.7764914195,4.40550241238,358.624740154
15.4726371483,80.0479550982,5.47262668424,225.906056729
36.471311365,93.2684207561,4.89124256274,276.906620522
39.0288521745,91.0314612317,3.43803503122,251.623148138
48.0782969008,47.077317291,3.5387508272,230.975758613
38.8409087442,91.5136969233,3.12364016748,245.375274457
9.47980115117,52.8699741246,4.22597711658,159.694540585
42.3662151693,76.438351249,6.07099580385,297.541734998
46.3013437496,58.6741892951,4.68790587296,261.374738463
40.2889335213,81.6191386049,4.69212359324,270.257442152
72.9884852576,27.8948253906,3.42670290734,268.1634905
43.3941177158,84.4609995298,4.38374382021,274.237895507
16.9812917353,95.7716960591,4.9201432154,234.129841691
34.598189025,73.4548614256,5.61363732383,267.133686859
58.6555301926,86.3247859375,4.20448330144,308.425048957
30.3382493713,77.1823255876,4.68988932752,242.362979084
13.2126622023,96.9197677244,3.84547658398,204.9173723
26.9431139165,95.7532788112,3.26828922165,224.513515978
33.6934620816,59.4896935078,4.73225081058,233.412056651
18.5623038835,94.3862998586,4.36903743771,225.44229342
26.2332298472,89.2042831975,4.40658187501,239.060087205
33.2146542334,101.44439159,1.65251640512,212.645479639
26.1507943804,115.545361514,2.77307773958,232.537120403
51.4646332952,110.248280791,3.26221942855,296.583805042
37.7384477464,141.177,5.01491914465,330.270176595
31.0237921095,81.2640706028,4.19819672778,238.223885613
78.3917860171,56.226619899,4.923724436,339.149141939
32.3206994961,100.53495177,3.25254551119,241.633235838
41.6618561029,65.9614720003,4.58781931727,255.74403957
35.8236666446,109.899106238,3.37339039355,261.656419357
17.0093327129,100.27197688,4.26839111489,225.661058117
28.8035928188,115.996185,3.50292110581,253.826580659
50.1587496028,58.3003582719,3.15469597632,239.412799739
17.2878110624,85.5809813596,6.97279335101,265.713339029
17.7626505342,98.4399004061,3.38199021938,207.873445236
28.3106794347,100.259255032,3.28903558462,232.652164366
59.0509989904,84.7609079934,5.19401054986,327.582214515
17.6467701318,113.814044242,4.44741922719,244.283514228
24.0549167683,46.4819567176,4.16436399669,186.368050316
24.6717302035,93.5944525363,3.06116806219,212.867927776
47.9830887659,69.1014638496,4.9766150728,281.533174863
31.4232198505,45.9943206188,2.23516291149,164.633272835
34.0053910091,84.2478914735,2.51679265342,214.595029047
46.0105091958,103.250562889,4.20615574508,295.631804877
255.0,87.3908381312,3.38968180473,755.173974226
37.7409894957,51.6071248474,3.79461441288,216.300187289
41.3517776226,55.5849448538,3.13274478903,215.536438203
37.8074398239,63.0416016249,5.61503654351,264.299457657
36.106079335,58.6337628178,3.24961234483,208.580003782
20.7617735713,70.6392870516,3.26042197204,184.698103528
27.3883887202,47.6432772428,4.99394621599,211.964341382
44.8612189195,75.3681658367,3.97215356811,260.365199195
52.9340166193,62.2293283848,3.32594610274,253.296698143
45.5426682182,87.1685533531,5.31964267524,300.718750908
17.5685376213,93.7035817061,2.86239829542,192.288559784
41.2745133415,70.6808916128,3.3884977996,235.565650046
41.121134166,57.474746918,5.51105610515,264.4497856
66.2176093152,76.3582596642,3.37048099262,299.571292474
32.5380871432,107.685604088,5.03284589887,284.901387305
42.1664208652,89.6333243009,4.05479762829,269.94264852
44.4002328637,63.5100446205,2.73011777656,222.581708057
25.9669477136,115.443577318,6.2669656061,301.880520715
24.8715133503,70.22810397,4.29758250219,214.699937776
39.8605328118,42.7955777516,3.88543270099,214.292079424
8.68288247523,55.3164504723,3.07804583671,137.307321383
40.4239783248,77.0430917715,3.96844264179,251.525523208
38.3745640834,74.2520830871,3.34955655169,231.534725953
21.568265272,55.9413414283,3.49970474748,176.683407736
47.3450469262,68.7727086338,3.18373282249,243.845525996
46.6245387991,76.7954416202,3.99709634195,266.440245799
32.4022329451,85.8848452253,2.75135462834,217.151151689
32.1455289969,78.3398968384,4.46324925159,243.240097047
27.3208556241,78.9598740715,4.00746902863,223.392495842
52.6370570527,95.5692641168,4.32093797219,305.8377551
44.4207861128,103.996869553,3.63801298123,281.274796822
10.4364983238,60.2059895636,5.24092153587,189.580457187
35.5659814592,54.6548248104,3.11157463993,200.569515384
39.3062670085,87.3218238884,4.66723588144,273.150257161
46.6227717076,70.3908930343,2.80282869468,236.146186479
40.3737587086,48.4585272195,3.32931294925,210.04020307
39.9051784416,91.9613793628,5.72887115793,300.431696877
54.4030251419,69.5024393997,4.16288462414,280.765009739
29.18068613,92.4294126382,4.67781980074,254.645045048
35.3702269881,71.3642585633,4.50140040987,244.614873841
57.3109729,56.5940251584,3.61041462808,263.649305857
13.2199110654,84.1606326482,3.7978641607,191.223044608
34.9653948657,78.2126745185,4.2493975237,245.470702572
22.767784596,63.301024194,4.59998052432,208.870955056
27.7451835952,69.5478511785,4.56266033676,226.082700395
31.7197209323,69.7441826179,6.01122925783,264.602099156
16.7581188125,54.7862908753,3.09214116749,156.059291979
25.0795118122,80.245350639,4.61478469913,231.550627964
16.1892314707,95.9483181829,4.11479069813,216.335774873
19.9326594544,73.1759914482,5.48145010682,229.704548015
80.9582784637,80.1830022656,3.4948570781,340.566877225
61.2679119978,88.1940729127,3.39172786789,300.18590041
28.0251639525,71.5695221661,4.10650525969,219.640035624
63.8698966637,127.233987191,3.17945611775,341.102589406
36.3872118408,82.3529164503,5.13825529389,270.733493068
20.4910503717,63.2082638149,3.96248340379,190.67132431
14.4790304398,81.4996601648,2.52556624253,166.078695737
84.7116621966,81.504645979,5.02974299826,381.417575927
29.9806172996,95.1913002638,2.25226447564,210.777984221
35.3410196222,76.1452335594,4.36139435527,246.527005734
29.3833065972,79.4818867932,4.91637113007,246.945291487
65.482278191,58.5916934307,3.4948440667,282.56182712
55.9180418321,94.9792034702,5.23000389169,331.148841931
35.7099589201,83.6861704371,3.809417115,243.89647508
60.7266114882,102.999111918,2.87434504952,303.36965708
60.0325763764,91.9500315429,4.93486500186,331.897980536
39.6708280182,110.415790996,4.81295928779,300.016467996
30.9554949731,91.349257411,4.61051745658,256.394790665
31.8261614351,56.3816951355,4.46267509652,220.518972306
54.1134750962,79.0100597279,4.67017265403,299.737108362
9.5619413523,45.1466169352,3.09906363402,129.626181423
70.4997023592,65.0845706662,3.77563667042,306.476053755
65.104766623,92.0367051812,3.25708790941,310.363468757
44.7598267984,81.6603774496,3.83219609067,263.619695737
19.2787092574,73.8326677125,3.82864398603,195.766422445
43.2042577436,40.6430432146,5.93924935211,261.083328302
24.9069109334,65.8811286417,3.25975485736,189.679696524
17.8509259149,89.9051845268,5.72833737551,246.473375622
49.6741627545,72.7419582853,4.02224819275,270.065259685
31.0730338613,85.1212380044,3.30542189702,224.341417317
13.6759809122,78.3980554816,3.62728334513,183.121937872
29.2079335507,37.1965747138,4.38320261327,193.583973831
255.0,123.41918327,2.64298080689,776.268299408
30.835544114,64.5820045733,4.36373643128,224.409684945
43.2010204455,58.7783889626,5.34797542675,267.385578504
42.6967300405,97.7883957344,4.68289241881,291.907380223
24.3901053693,93.8256342457,5.4586367079,260.385847327
28.969477406,68.7175171365,3.85608218719,214.001444269
27.2714236558,96.8791711119,4.24392504863,245.924604804
39.7234958626,50.7291248021,5.02429158278,244.680369873
45.6741770575,88.4895312335,3.58079236804,267.572149793
29.1591110477,88.9253267154,3.75562146927,232.646228485
32.210713762,83.8444809059,4.66547225507,252.942514418
41.0025877401,90.1284926927,6.81535240428,322.910529472
63.2713346153,75.4984782832,3.65220953328,297.413792165
28.8747505209,95.9763490014,4.41920204117,252.299790325
39.2108625164,77.1997136452,5.03986114996,270.256175059
34.4668289735,81.4116431957,5.01498986872,262.808442462
28.8912112948,61.1162569352,4.64069211534,221.908230298
19.0011522239,61.2843208657,4.38998328981,193.79179773
22.3296415848,53.3317838189,3.96977683695,185.266734243
17.3279727331,86.3166666528,5.03601910694,227.808035835
22.661309526,104.524186352,2.50708261641,207.985633864
48.1458602009,64.3230108377,3.92258260127,256.05705733
42.1899319327,100.561528164,4.824194287,296.314104749
46.7971207049,83.1473644438,3.52127204496,263.68175065
33.6841744859,107.541344933,4.60001158285,278.797070738
36.2822445652,133.13906415,4.24181410804,303.343839548
48.4811407198,89.3564747092,4.34811122767,290.389975262
22.4754410523,75.8375772743,4.37742428597,216.268528246
39.4696086716,93.4222544296,3.88718512428,264.033999159
44.3221908436,66.9633457587,3.65069239934,244.262876581
51.6557116928,114.627005911,3.38138408337,303.795411621
45.5694420127,79.7838755519,4.97952559948,286.594727653
19.66629841,85.9866787774,4.14666527731,215.192817852
48.7588480398,65.5592993863,3.31638740809,246.611741101
62.0796808387,88.425810522,3.49751885206,304.443468608
19.767952294,94.8857922131,4.47694529207,230.936713007
80.7807175352,65.279638801,3.17226259888,318.793841067
62.1865588106,104.626324597,4.93192482461,349.583575314
29.3633574336,105.690208917,4.26826617473,260.144576117
19.1553332729,106.880282644,3.11507872398,214.252440781
44.2277416492,78.2770822262,3.12429298511,244.826395255
45.9631807429,94.048178163,2.46830650488,251.56107623
45.3115870493,80.4836229582,3.95509319555,266.199120038
23.5587038663,79.094153601,3.98988766056,214.323181139
30.4763930596,83.454497682,2.59391352176,207.040673347
29.273053033,62.4721077636,5.06300572192,232.608788683
21.8303771489,77.09156215,5.48807525179,238.21776158
22.3620810014,43.2968242886,2.10377580915,137.98808086
24.8350324477,79.4401089376,3.97571545206,217.388765825
255.0,64.8029968196,3.42558499953,733.30419681
26.6609844593,59.2692986423,2.98696427605,181.739214498
55.2237112895,72.8064494208,3.82218006818,279.185921077
42.2048824534,114.050823544,3.40919868769,281.538665223
26.9804215076,123.296098876,4.48917505382,276.561833717
13.3490417648,91.6725488182,4.73016290156,217.684767218
42.6168266866,82.7011671481,4.45056111809,271.985521021
50.9044895754,63.7829576308,4.29752732905,269.506677734
64.5181160793,75.4671782727,6.42008654944,355.673584584
38.6383946652,80.567068489,3.82079396175,247.895226532
12.5663169431,85.1532306273,3.91419185578,193.004354878
57.256329474,77.238287907,4.41132918685,300.183289263
32.0491006602,111.426340458,5.07084000956,288.251469593
44.0603014971,81.8292372229,3.99333524137,265.365425443
45.1320976736,83.0129650002,4.53024074583,279.809092533
13.9934580461,82.8228129794,2.44522087625,164.652437941
28.9108991564,88.3436655994,3.86179544027,233.60402903
17.146153279,55.2181834171,4.31273229244,181.816013316
21.1971854257,87.4572532562,4.56507644065,228.633639657
63.6061928337,109.736223128,4.12281247491,341.851483745
19.0706996481,95.3319496938,4.59046055198,232.012609935
32.6922570765,71.3484935092,3.48514129516,217.972931088
48.8010926849,79.5664432126,4.29613590358,280.313252262
24.872828309,86.5966952112,4.16945226433,228.509018226
49.0010214883,79.2624402492,5.88194563755,312.19585646
23.4617526611,52.5357099978,2.791771446,163.574296754
60.6846170999,78.3220902223,4.58931800964,312.893285989
41.0945087504,81.4823885445,4.2846471794,263.866601771
38.7119466709,61.8291552109,4.68210895882,246.556673709
56.2303590504,54.4851753461,4.87332093759,284.256005907
40.9562760664,89.874499968,3.34159382389,253.072398402
42.4748083621,94.3515586598,3.29869491598,260.264433575
60.8833218589,90.367131077,4.33451656304,320.30983034
32.7671007992,67.263249442,2.04983005774,185.357562067
12.7216087896,60.9008848684,4.6151221226,183.136000641
48.7998781938,85.2211347637,5.08351881262,301.712744418
45.4553773956,99.135297648,1.70284936604,240.144242443
54.0820078553,50.1821071776,2.38006134059,225.032890272
37.0678267461,82.3721811916,5.08817100645,271.352490872
11.8858269846,95.4419756447,4.92163350727,221.840808102
39.3167590195,49.9437863497,3.19898875804,206.431963807
23.5850978233,61.3642330329,3.64936353169,189.844880335
36.5413067367,73.7739443376,4.07246763505,241.201337659
45.9369336001,86.8905318669,3.89160504724,272.807643879
24.8515012026,75.1150873565,3.51284685967,203.84512173
26.8894806648,53.4965243376,5.19331527792,220.631088952
10.2369446742,109.289789705,5.2570420944,238.517138717
19.0294717177,76.5694349073,3.9603114695,200.550108302
21.3568562332,63.7090138416,2.57357808315,165.431122536
26.2745524924,50.4668893866,3.67695480076,185.827379961
46.7653301601,79.9512333484,4.67256632477,283.436705177
39.0539452168,77.0023048508,5.08821066714,270.656545894
40.3982002952,89.1528168428,3.37281676637,251.662077645
28.1481031208,86.5765482506,1.83956047705,189.597429625
35.053893117,39.8319204896,4.71742532128,216.65873203
36.6512140475,10.7064699002,3.75497265848,172.042564602
9.40179259628,105.853921165,3.35186494179,195.0126978
11.3756306337,68.8282884139,3.64526455404,168.499300813
33.5112574035,85.3991532021,3.64994321769,237.246655101
37.9540461804,59.1115196084,3.96438812391,227.701357345
56.0860271726,91.0784324402,5.94661845151,341.975614805
41.5428924761,71.2476375657,5.61579391903,281.309787653
49.3198583621,85.0770440442,3.96131648898,280.348068564
33.2486341862,47.6153915289,5.91224650823,244.09103307
41.0363981841,97.297461838,2.61871764388,246.226356003
23.2488413712,71.2518718234,4.67605787766,219.475228239
67.0522591671,91.6328360512,4.88081238927,347.016344431
24.4849279274,59.3749731477,3.89477406322,194.881041333
52.0216926232,46.8002718897,3.05159004106,230.233913284
36.9616099213,79.5652799596,4.59852694638,258.502790871
51.473481648,97.7862411411,4.58097888648,310.51777384
11.4540255578,49.9789657501,3.46927140668,146.314570619
29.182786898,83.3380955815,5.28918732649,257.786021404
76.1624130991,78.8386631437,4.84866847006,355.014574326
25.3499765192,88.1814565269,1.24483406188,172.724097517
25.4662036379,73.5056351485,5.48745374292,243.174140547
29.4938372995,128.473516798,2.81084438754,254.08645433
79.7452004617,97.8544268883,5.05365970808,386.560103216
20.3511469811,88.2567536834,3.07055131752,197.551993766
17.3088356959,126.866811846,4.93179395972,266.228650549
48.0453881304,53.2080450731,2.45154925256,215.285023856
48.3665114357,81.4016821089,4.61814393574,287.566125581
55.3433216148,57.3946264612,2.42139346273,236.039797143
51.8133494027,98.8374590003,3.45450217111,289.839132232
43.8095374076,85.5526482763,4.83282421176,285.288593078
11.7862131263,96.3399779847,3.98009868478,203.673732545
53.6188888994,89.4186932852,1.91131983495,253.804973676
15.2600392739,113.18978708,4.30890248394,235.273183167
21.1386576357,87.7697474813,3.6241529599,209.98995423
68.2954551144,70.3501633477,2.9985454459,291.013448604
17.1891082512,61.0994049082,2.87017216162,158.947100945
59.5640918151,68.1475824508,3.68872917062,282.070517495
17.7312645423,81.6263476685,4.11564844932,205.659208996
36.1408096687,57.3477086455,4.08408621455,224.065144006
29.1573318932,109.941975212,3.34602547963,245.466771017
21.7326730291,79.4199057846,2.09032756677,172.36126349
57.0466586527,113.438997058,3.81754892486,324.0150587
27.1781038976,62.5018220151,5.13516847243,229.152552124
21.8654646933,67.7177824599,5.88420187812,236.849071899
23.0270356393,60.438693854,1.60976023744,146.814210759
24.2326425201,80.6687925761,4.39654918859,225.616760933
45.3568700319,83.3948897751,3.72169883782,264.54904603
53.6663081996,93.0062881556,2.68143985499,272.906541818
18.0386156513,48.2333769485,3.14903991489,153.657234012
54.6585528983,51.401270264,5.58228383848,291.653056148
29.3315887741,89.9675105883,3.51631728374,229.30815149
70.2285644213,83.6404699513,2.7022691487,302.926642152
31.3398697011,61.4444503405,5.86591933189,252.502416398
38.9028039644,91.125591899,5.19967728476,286.653545042
24.7601415333,70.4844662289,3.62865187397,201.315640722
34.7487516162,95.3648144003,5.30982301198,283.321612318
39.696267335,108.109624264,3.41826836269,269.87633893
24.409949386,47.9636157611,5.23793574435,210.156500558
36.2739431163,86.6447417926,3.07929554372,233.579613425
46.9062194095,81.2931404725,3.35488587207,258.756501562
32.3144526821,64.4853501659,4.4487395454,229.49281679
34.6597590616,111.557946155,4.28233290368,278.755551324
40.9198711667,118.457212888,3.34588958847,281.655369525
30.8257225866,74.5482518959,2.46530281858,196.384150942
75.5229743278,107.93812781,4.40643580678,373.764850241
77.1093725506,64.5796272581,3.71059537496,320.222177432
37.5677173941,68.7953291698,2.88530459829,214.894503392
45.7573980476,77.3376273236,4.40727787017,273.145766593
24.9615514516,60.8333966208,2.75902011704,174.745833372
54.9665220361,37.3275019456,5.18423021715,270.342835987
26.1431779542,72.6935469302,3.61700954915,206.546021322
73.7346471258,95.9179451015,3.75243254141,344.456847152
29.480198547,77.3833035231,4.45994387372,235.946140159
26.081966305,54.680701423,2.66689219688,169.38680388
44.3098728737,52.3102108228,4.88558648355,254.278640378
47.1615644154,100.703630336,4.07104871448,293.091049539
13.0476700829,105.590325349,2.67547356533,189.799659594
22.160339275,45.3176549366,3.60638658867,169.58644899
15.0893785152,65.4389434035,5.0394430773,201.731603658
23.3074164363,80.937901479,3.71584234464,210.094768505
34.0586977355,78.8630350648,4.74674409555,253.934626878
255.0,42.4487201591,5.18836874314,746.205595022
25.5050886703,94.4613576692,2.45289996926,203.530280187
40.9737464084,65.3331232631,5.83014547421,278.343160672
62.0466774508,89.0892152694,3.11302597206,297.339362085
26.9240573604,85.0466874237,4.62612276934,240.918757374
34.4889133367,86.4984346502,3.60026607566,239.652720353
43.5023251471,85.7876726438,2.45024219096,237.149137302
14.9666815783,103.993388784,3.729911832,213.80673051
27.2337498147,106.582898634,6.21205588841,294.902306341
27.7586340923,87.7205738526,3.64029494459,225.8397629
34.8203564276,95.0075772878,4.04261855497,257.788765026
20.1377579014,73.2680250337,2.75247014707,175.699558541
8.85727747765,131.410214056,3.40906275931,220.431757419
47.9836863883,72.145886595,3.70395583677,259.125819034
32.652952117,63.7457343405,3.69624103948,214.499686166
24.3447581983,125.614940299,5.37089397654,290.313601394
18.0177604152,74.1673872886,5.84277472552,233.41687028
13.6198311801,77.3495097168,4.32772586682,195.950127837
64.1562140906,114.00078005,3.71877041995,339.329344583
12.3293530499,76.212092333,3.75248951526,180.271617429
23.8809350547,73.0300966335,4.62133539658,221.646256655
36.0188487723,68.6537395556,2.26357876884,198.674064209
15.5175593884,84.4709862705,3.84043678576,197.790987471
33.6028642638,61.8363081274,2.99788972493,200.858281952
36.2601323176,44.9501553835,4.07059663093,211.678553332
45.8946730658,97.5517284836,4.64515723174,298.440449375
35.8968437811,97.607425902,2.86577977321,239.384705099
39.4287160793,75.1093894506,3.30927629845,234.066741483
27.2566540266,78.1469826385,4.84254740037,239.130111905
46.0494918648,93.9153257137,4.12989909796,284.863157082
36.0679395498,91.1200245366,3.8328223637,252.640726778
27.7364231774,52.1857381183,5.54841390043,228.415046221
35.2554127885,65.0381612998,4.25430009599,233.07662397
52.1108789806,112.446926452,4.28123857791,320.683385164
16.4495929818,82.7276076796,4.22129059248,205.857666856
59.017435749,75.0716688724,4.4878863411,303.691520268
19.9709524843,57.2884944958,2.43510004042,152.980149404
35.3848710856,71.1627680583,4.62524874802,246.924806196
9.8182054773,75.2142277948,3.09886873953,160.292858253
59.4094226465,47.660541798,3.29728713548,253.390715052
72.8245985432,104.470666377,3.46255946589,345.070853607
31.95387746,79.2186427049,3.2641550105,219.68602119
14.9259074284,83.1399162876,3.11735834232,180.606250722
21.4291988258,96.561782392,4.92868630408,245.556270391
20.3369246208,70.9348362269,4.48512155719,208.488017311
48.6356177636,67.8988345992,4.2613156534,267.559892703
50.4084395315,53.3236245648,2.03319831261,212.593608191
49.4177367958,96.982979092,3.80363295257,289.33063105
42.6997067105,81.3811351612,4.72710429048,276.39136089
51.8137103559,106.170972331,5.52491650486,338.581781525
28.6058291035,60.5778809939,4.23743015126,212.633139317
38.0354222717,83.5229588816,3.4892469543,242.801443031
40.2359490412,97.8493641504,3.63212781468,265.163084943
25.6236371144,61.523657764,4.32697425746,208.35299868
51.8820420471,75.4555336884,2.53309360173,248.190662456
36.2827955568,80.2807623764,4.50128878094,255.676327661
31.9846431601,88.6174850166,4.35130928514,250.900337611
31.22405262,61.5898640581,5.1039710982,237.136359432
44.1084523803,61.2864448838,4.93259538567,263.721130203
37.1334328941,73.4798264039,4.96426371298,260.13635492
52.7455149726,112.289938113,3.07793217388,297.95350377
21.2827522306,51.5802034286,3.16050552716,164.866501695
21.0319742255,36.0784838815,4.09835464869,167.53170901
50.4472660906,53.5923462688,3.97790252328,251.847769119
36.7274446776,70.3392683302,4.99605549497,256.676382811
37.895152504,88.0176961912,4.13247491505,259.830698819
16.2312936786,86.8891496995,2.8854024699,182.787809994
43.169108233,86.2239519444,4.86065500016,285.009646709
19.1594388246,94.9578827547,3.86139430682,217.266012501
11.6110509749,68.7423329297,2.29493758807,141.96072653
25.2593866813,69.1959458778,5.05419573621,229.712671524
45.8378377249,89.8894682584,4.69252864342,291.59188951
35.1865720151,73.7967749281,4.20157320313,240.618724285
34.3794719155,70.034066899,3.86943852147,228.314296798
40.8639429584,74.9021515333,3.95604541961,250.171831312
11.4998891778,113.610172952,5.40112216695,248.690705537
23.248906894,77.0568246119,3.70579161347,205.875009912
36.431784442,71.6612497642,4.07910336971,238.963662772
33.2856702689,128.696404362,4.35819038278,294.178065594
14.9829406308,118.046965995,6.25964216581,278.493170322
36.5108707005,68.3457635376,3.19932244058,218.23864002
23.0920168219,73.7007168023,3.91805837476,206.395090678
34.0264574783,76.7658730858,3.88725955676,234.571916022
38.1883384634,59.5724764101,5.90325435161,267.490905013
35.6110336293,75.3621233793,4.90253475991,257.202019604
14.4992631458,63.1954181077,3.18989499427,161.108634249
31.7017077743,123.966226746,5.13726988759,301.30257272
26.2991425823,110.339680624,3.734734824,246.913629685
44.7099699013,84.2606275989,3.66450362367,262.748788253
44.2546645811,73.1857038913,3.39650365964,245.242577377
41.3814216242,75.8526219627,4.13162775276,255.851523958
36.0940731213,59.6030878121,4.3302960992,231.134754443
41.4285283841,101.336450526,2.93829503469,257.579535654
38.6054542762,86.9180561948,5.87716031884,295.296035938
39.7089324221,71.1395344007,4.60222265025,256.615134502
47.1599554685,60.3016558556,4.41237725588,259.511860195
32.9301370065,93.9696490614,4.43492040421,260.149376508
30.2359609433,79.3241151333,4.09483709253,232.363049487
43.4014137382,64.4088602286,6.26037877455,291.735622104
55.8551671401,115.043941688,4.04486569631,327.362878378
34.6942017107,74.014106946,5.84205134875,272.487121126
48.359125817,134.938315246,4.20424443658,332.807391112
34.1591713464,54.123056079,3.8192350443,210.880871226
41.5856662898,87.4569904904,3.99938537631,265.29161223
12.0953634211,47.4243036132,3.70529074309,149.989299068
62.874205801,56.9350921868,4.62835425985,297.438896213
21.4452328236,51.9003871583,4.57582485846,193.875372638
49.2240122334,118.780785327,3.22126720889,299.025307889
51.231376807,76.5128355704,3.37479296971,264.551001454
28.6285988443,69.77931553,2.80673826817,193.274311114
20.0589936076,88.1446764796,6.09950179595,257.331518458
19.5184865728,98.7098114252,2.53463217586,195.327502
52.7786197485,106.159722878,4.09672206475,312.276978579
255.0,104.255849367,4.80900143648,800.425378097
12.9273783913,69.3718739291,3.4347902753,168.484508052
45.7552323138,88.4093844769,4.03641923196,276.795255227
37.9783187069,72.2991350036,4.66595182416,254.977357572
47.5972926868,104.561073617,3.62438429314,289.040429443
52.2250425611,81.7115847167,3.63630561627,277.317999684
23.0817448151,114.196464167,4.54274726897,259.360446922
88.402383601,49.5365811666,5.38321841998,365.202917941
38.5651613301,86.1254576394,3.90919087126,255.049243158
46.2526576945,101.162164087,4.92821465752,308.554335527
66.8364001418,116.798243425,4.63882011884,366.834011696
22.7309832573,65.5050830067,3.93042011599,197.597215833
41.6180380319,55.894235869,3.78024740243,229.422265603
26.7504298333,69.0620004143,4.62559592774,224.515005324
25.5457112673,46.7680852762,2.94053953482,165.685380013
68.819911179,61.1249373086,3.57138222331,294.478950788
61.905369243,45.0649262844,4.37065880957,278.135245768
29.2903473535,73.1981711057,3.77081782427,217.531785879
255.0,75.665921704,3.71111100489,749.877641802
30.1863494932,61.9005867668,3.45368967732,201.999842036
34.1632064414,87.9143964128,3.3577847487,235.452699823
54.4431328179,77.0081431625,3.62818877844,277.671165939
42.2448277767,86.0449483664,4.45020435395,274.446890721
70.5259037254,78.4039262314,3.36747130323,311.693751172
20.8592253608,104.386902857,1.87644003733,190.995374955
37.1846229868,108.169254079,5.60143577355,307.689668976
38.437597118,81.5237916472,4.53743995978,262.712413102
16.7190691289,90.1981500318,3.79518846024,205.44021699
57.2712245753,65.7685624815,5.56791942666,311.880415318
21.9879913419,100.110521065,3.83194238458,228.484913585
33.7240984523,52.937819006,5.18588499016,236.004950057
27.5222484898,71.810067951,6.15016029381,259.570372299
41.5627010562,59.4230625362,4.80498986255,253.315739102
22.6783950364,104.515978705,7.53360442841,308.548062955
47.0514237228,95.2524777764,3.76702799765,281.300332607
25.7927662561,105.735789861,4.55182352291,257.460060043
84.1807679913,41.1405027399,3.00574805303,299.324392807
47.2813453909,59.6948132566,5.25118237589,275.966738345
22.0999388057,71.6780038934,2.39416220246,171.560193959
20.8945098063,82.6820152164,3.39572046879,199.759116715
49.1386990079,112.983158076,4.41152479467,316.832098865
18.6376683148,50.2568109117,3.682127987,167.75194043
27.397412854,67.0011746418,2.12524564979,173.969460342
13.9623032113,107.897141031,3.08485536637,202.446151584
38.1037815989,85.5033718962,4.23765551059,259.910869832
41.1229526312,69.3052499271,4.42386977943,254.540840762
17.8710596354,92.3472250982,5.63279362546,247.051913824
48.1609158734,91.5019304733,3.41367348344,273.093219101
12.5644675525,101.373206767,3.22293787002,195.394899871
17.1222605201,101.689128718,3.12344174609,204.444930418
14.4157259479,70.3084846347,5.18197111439,207.866668505
31.6768478597,64.7140830598,5.41345579584,247.515654306
16.1909854857,76.9263883527,4.13473444586,197.716847019
38.8597575026,101.124006785,3.61311334719,264.819397157
14.3657759246,64.1026250213,5.04752072153,198.854273625
46.6708188501,84.3567067415,2.20019062164,238.172288847
51.5538436815,95.0864235052,4.3502764793,303.392991889
48.8876693736,72.1815108874,2.03260765076,227.861461172
52.4124867669,56.4637319566,4.96189345054,279.022941081
32.0572777038,82.2449767088,2.81525931464,213.977731711
27.5557296223,50.5480205267,4.32855172654,201.954931286
61.7084439405,51.9614839765,3.1114205978,259.38369368
26.439180111,89.0656330151,5.33996661849,258.073712268
46.9229964544,39.8498214452,5.43177775843,258.890494971
12.8289724427,54.5460032953,3.51741169886,155.079526533
48.9756646271,104.277063507,5.80464024527,335.604709713
37.7920669266,100.174118915,5.01278265244,289.350726235
44.4874371514,66.2733328255,3.54504325017,241.848688702
47.1679278077,67.8121835573,3.28082794648,244.410159826
10.4991745391,60.916772678,5.16150544164,188.850389284
27.549631866,69.7330710674,4.04060588567,215.366717598
29.51639153,33.3290029805,3.86926361678,180.163392947
33.9688332175,75.6009481848,3.46756747013,224.877565265
63.9321055635,67.5774373502,4.10474194989,300.098127528
26.3788086245,75.0897066293,6.15435480434,260.243501529
22.5315913451,97.9200110586,5.16792759627,254.29314426
34.1819389112,115.618529469,3.43846948943,264.814603322
42.8339256737,90.1425603781,4.46943116912,280.315127478
73.7574344592,77.8097282267,2.44242760885,300.202147943
18.5109779475,91.5542211116,5.31424627839,241.393626692
31.0469073039,58.2366598097,5.20040489578,235.295025921
22.1083474212,33.4172863668,4.33232349322,172.082486879
32.2621765705,71.4732838059,3.76286734022,222.640305863
66.5231631853,82.3670103309,4.97390215397,338.367404069
9.25309547618,43.7542360967,4.80977065325,161.721257508
20.4061663223,67.359174679,4.46169239074,204.606691234
37.3476699884,75.7333325838,4.30250857941,249.658836888
13.4877271326,62.9810240994,3.77640404287,170.244378127
40.7934887958,64.4904200745,4.4999916422,250.473252706
44.0944094081,83.0169656998,4.73536444756,281.473990547
22.4925072073,92.7818097419,3.31319704035,211.968370757
32.9060920208,82.9542259887,4.25732676256,245.525505156
63.7190324996,84.7276389351,3.5492759463,305.637669429
20.8067835223,70.559989017,3.61354852231,191.787240413
20.4310970641,59.3127411897,3.61717717624,179.728612997
53.785257921,65.7894285615,3.20008617871,256.342485498
53.4937379651,87.5425318452,3.61973875504,285.802723004
34.7271488731,70.175235903,4.68674308637,245.619606214
46.3860767738,81.8707592678,4.46208796104,280.25431853
34.9628178619,63.7947136657,3.47743771596,215.607482132
10.1855498039,88.5628902417,4.13372661701,195.203002715
42.1559128795,81.4607095004,3.13041755903,243.257708095
24.2592317115,72.8248041342,4.34572439826,216.818838393
41.9681351094,45.6506048172,2.64392722687,197.275974454
255.0,73.4425779214,3.01582858765,733.748649674
39.9408739733,91.4908627365,2.89695147936,243.406774695
22.0485222888,72.5596711071,2.97220394403,183.881718081
24.2233814836,71.7822243558,4.01573902775,209.092199204
255.0,110.3791709,4.70202759861,804.409222872
37.1753542764,116.353916367,5.07833043082,305.39041606
29.0987102842,55.4282257717,4.16384765047,207.171534209
12.787509112,95.9255768395,4.36755539262,213.364414882
68.5338563667,65.5036960796,6.09325355854,348.622077896
51.4467347771,63.8924366408,3.93037719338,263.549002765
33.8127230415,69.5372082659,5.25874428462,254.270050002
27.4471966319,92.0280023868,3.27514588789,222.1114291
255.0,63.0453674115,5.24801650522,767.995197516
33.7444200026,90.0666922925,2.32910148234,216.045967763
31.3027545853,82.7349054814,4.9056340816,254.499838377
49.390115775,100.847591213,4.53239556483,307.705505917
33.6921188784,77.7155310089,4.04418363985,237.873390315
18.503491333,75.598218916,4.34858795387,206.106842751
9.64599565543,99.5426971209,4.38720732771,209.982906853
27.2801511759,58.3004299874,4.51554376078,212.798772905
58.5193314911,83.2965904826,3.49728752328,290.932476014
13.2296701946,58.7701894465,2.6708624242,143.315528932
32.6722208033,72.4830247671,2.83392841925,206.03606148
42.023528072,75.2184660518,5.36153932628,281.326411778
20.3874377206,87.2669967963,2.84862619759,192.209122961
20.1339269674,57.2254941551,4.1472334337,187.543279591
65.1308894547,57.1653047704,3.5546989495,281.505753558
43.2567047976,72.211119225,3.97773323368,253.544484617
49.9393086425,63.4466549428,3.9969337612,260.887529472
36.7436608023,88.1961162416,3.17149120544,238.080099852
39.7695335668,94.886336068,2.38374363273,236.134944252
45.6685341905,69.7029777,4.06453742669,258.447220331
23.5389630358,58.4754619695,3.53572112356,184.574710568
11.332232633,99.1154606,5.27131054736,231.205281709
255.0,83.2673900152,4.86971920012,780.651274018
28.8099651022,133.140532718,4.36097340354,288.146967678
50.3915864719,51.3151453119,3.36399902138,237.161489549
34.0113303984,57.6350119252,3.86812563803,215.02278398
22.4648682272,88.7512925132,4.6205055827,234.018992619
26.0172663845,45.0497121643,3.76728748129,181.611487866
30.9663740019,56.1048644061,4.14988901267,211.963426049
22.6435305421,54.7744422323,4.20167960132,192.085997271
25.4619829019,99.1651315556,4.37466507104,246.567932546
42.7894927536,56.7897414171,2.58206057051,209.110350327
8.96060289596,110.573047576,4.50033660082,221.663182146
62.2283992416,109.043038148,3.64002274896,328.260693703
21.4348778464,52.1180794636,3.29288777289,168.409959006
33.7990994981,55.0263050349,3.6717389949,207.986986142
40.5495722309,70.4727668037,3.24785702545,230.838995815
39.58576922,45.7795298739,2.74413106024,193.803507476
47.2978218592,63.0779163759,2.60233731274,226.411707683
22.3689153931,77.420127096,3.44448556173,198.941659359
13.1446567109,58.6786130546,5.05343133493,190.675302528
18.3630723306,52.5121264979,4.39160135274,183.550626439
48.3205762998,71.8781626992,4.60923632217,277.756373118
35.2362635746,77.9683277741,4.25657653187,246.007262976
21.9051895929,61.6964416506,6.03671548429,233.97147193
77.2030608662,65.5737209759,2.95585742241,306.341951336
29.4020702555,127.016328701,3.44683890283,265.133237862
66.8838996847,78.2109726162,4.1165329466,317.912759117
41.4114314689,70.0690289029,3.06333916928,228.772769392
47.925598518,66.0085575489,3.16902537103,242.153205722
38.7214911819,65.0650956624,3.42855835329,224.74405933
31.6564370997,94.5119171822,3.78541895446,244.704727123
14.9423913852,113.529100684,4.89082952039,246.503643782
28.3252289165,108.136551616,5.39310701661,282.645123066
32.0491601282,92.6062352801,4.23554354503,252.725575046
19.4803001153,62.151171382,5.97559744702,227.498318464
16.5314787909,76.1629463613,4.3913425593,202.886713995
48.1368351723,62.5881156288,4.67126303161,269.274535738
72.326871788,88.1570120195,5.89926614498,376.320231549
57.1070680854,71.4679686851,2.47497418255,255.334672834
57.3861374468,79.2210590313,6.22221260987,338.689154027
34.3481385119,67.3615823418,4.29599679407,234.099253328
32.5148470826,101.722336855,3.53536174841,248.933755524
19.0159107752,57.4616226326,1.93197533156,140.843665727
64.2948998265,94.5060509038,3.50240537944,315.833628294
42.5297475035,71.9324314591,4.9692603857,271.385882074
54.1592199361,58.9114653515,3.8411200367,263.165094673
43.0978007493,94.7923635036,2.9646712943,255.490604773
43.9662758604,52.5502725876,3.40457732263,224.090069512
56.8466958775,40.3706652382,3.90359863938,252.197228756
52.1714224082,89.9786907023,4.14477378286,295.628306144
44.6733612069,63.1919427151,4.65338393557,261.37157301
24.5145572236,56.1168188592,3.89791039926,191.755328536
39.0096441766,115.454106362,5.24699401381,312.179778421
54.9959810378,78.7190590677,4.83632089785,304.845520809
